Genre,Year,Rating
Crime,2021,6.7
 Drama,2021,6.7
 Fantasy,2021,6.7
Action,2021,8.1
 Drama,2021,8.1
 Mystery,2021,8.1
Action,2021,7.9
 Crime,2021,7.9
 Drama,2021,7.9
Animation,2015,7.7
 Action,2015,7.7
 Adventure,2015,7.7
Action,2021,8.6
 Fantasy,2021,8.6
 Thriller,2021,8.6
Drama,2021,6.9
 Mystery,2021,6.9
 Sci-Fi,2021,6.9
Animation,2010,8.6
Animation,2011,8.6
Animation,2012,8.6
Animation,2013,8.6
Animation,2014,8.6
Animation,2015,8.6
Animation,2016,8.6
Animation,2017,8.6
Animation,2018,8.6
 Action,2010,8.6
 Action,2011,8.6
 Action,2012,8.6
 Action,2013,8.6
 Action,2014,8.6
 Action,2015,8.6
 Action,2016,8.6
 Action,2017,8.6
 Action,2018,8.6
 Adventure,2010,8.6
 Adventure,2011,8.6
 Adventure,2012,8.6
 Adventure,2013,8.6
 Adventure,2014,8.6
 Adventure,2015,8.6
 Adventure,2016,8.6
 Adventure,2017,8.6
 Adventure,2018,8.6
Comedy,2021,8.6
 Romance,2021,8.6
Action,2019,8.4
 Drama,2019,8.4
 History,2019,8.4
Drama,2020,7.4
 Fantasy,2020,7.4
 Horror,2020,7.4
Adventure,2019,8.7
Adventure,2020,8.7
 Comedy,2019,8.7
 Comedy,2020,8.7
 Romance,2019,8.7
 Romance,2020,8.7
Crime,2021,8.9
 Mystery,2021,8.9
Adventure,2021,-
 Drama,2021,-
 Mystery,2021,-
Drama,2021,8.1
 Romance,2021,8.1
Animation,2019,8.1
 Short,2019,8.1
 Action,2019,8.1
Comedy,2021,8.5
 Crime,2021,8.5
 Drama,2021,8.5
Comedy,2020,8.7
 Drama,2020,8.7
 Romance,2020,8.7
Comedy,2016,8.6
Comedy,2017,8.6
 Drama,2016,8.6
 Drama,2017,8.6
 Fantasy,2016,8.6
 Fantasy,2017,8.6
Action,2021,8.7
 Crime,2021,8.7
 Mystery,2021,8.7
Drama,2021,7.8
 Romance,2021,7.8
Animation,2007,8.0
Animation,2008,8.0
Animation,2009,8.0
Animation,2010,8.0
Animation,2011,8.0
Animation,2012,8.0
Animation,2013,8.0
Animation,2014,8.0
Animation,2015,8.0
 Short,2007,8.0
 Short,2008,8.0
 Short,2009,8.0
 Short,2010,8.0
 Short,2011,8.0
 Short,2012,8.0
 Short,2013,8.0
 Short,2014,8.0
 Short,2015,8.0
 Action,2007,8.0
 Action,2008,8.0
 Action,2009,8.0
 Action,2010,8.0
 Action,2011,8.0
 Action,2012,8.0
 Action,2013,8.0
 Action,2014,8.0
 Action,2015,8.0
Drama,2021,8.8
 History,2021,8.8
 Romance,2021,8.8
Comedy,2020,8.1
Comedy,2021,8.1
 Drama,2020,8.1
 Drama,2021,8.1
 Romance,2020,8.1
 Romance,2021,8.1
Animation,2005,8.4
Animation,2006,8.4
Animation,2007,8.4
Animation,2008,8.4
Animation,2009,8.4
Animation,2010,8.4
Animation,2011,8.4
Animation,2012,8.4
Animation,2013,8.4
Animation,2014,8.4
 Action,2005,8.4
 Action,2006,8.4
 Action,2007,8.4
 Action,2008,8.4
 Action,2009,8.4
 Action,2010,8.4
 Action,2011,8.4
 Action,2012,8.4
 Action,2013,8.4
 Action,2014,8.4
 Comedy,2005,8.4
 Comedy,2006,8.4
 Comedy,2007,8.4
 Comedy,2008,8.4
 Comedy,2009,8.4
 Comedy,2010,8.4
 Comedy,2011,8.4
 Comedy,2012,8.4
 Comedy,2013,8.4
 Comedy,2014,8.4
Drama,2020,8.2
 Romance,2020,8.2
Action,2021,7.7
 Drama,2021,7.7
 Mystery,2021,7.7
Comedy,2020,8.1
 Drama,2020,8.1
 Romance,2020,8.1
Action,2018,8.8
 Drama,2018,8.8
 History,2018,8.8
Crime,2020,8.7
 Mystery,2020,8.7
 Romance,2020,8.7
Animation,2002,7.2
Animation,2003,7.2
Animation,2004,7.2
Animation,2005,7.2
Animation,2006,7.2
Animation,2007,7.2
 Action,2002,7.2
 Action,2003,7.2
 Action,2004,7.2
 Action,2005,7.2
 Action,2006,7.2
 Action,2007,7.2
 Adventure,2002,7.2
 Adventure,2003,7.2
 Adventure,2004,7.2
 Adventure,2005,7.2
 Adventure,2006,7.2
 Adventure,2007,7.2
Crime,2017,8.5
 Drama,2017,8.5
 Mystery,2017,8.5
Action,2019,8.2
 Mystery,2019,8.2
 Thriller,2019,8.2
Action,2016,8.3
 Comedy,2016,8.3
 Drama,2016,8.3
Drama,2021,7.3
 Romance,2021,7.3
Drama,2019,8.2
 Fantasy,2019,8.2
 Horror,2019,8.2
Action,2021,8.3
 Crime,2021,8.3
 Drama,2021,8.3
Drama,2021,8.6
Crime,2020,7.7
 Drama,2020,7.7
Comedy,2018,8.1
 Mystery,2018,8.1
 Romance,2018,8.1
Drama,2021,6.9
 Thriller,2021,6.9
Drama,2021,8.2
 Mystery,2021,8.2
 Thriller,2021,8.2
Drama,2021,10.0
 Romance,2021,10.0
Fantasy,2020,8.2
 Mystery,2020,8.2
 Romance,2020,8.2
Comedy,2017,8.2
 Crime,2017,8.2
 Drama,2017,8.2
Fantasy,2020,7.9
 Horror,2020,7.9
 Romance,2020,7.9
Crime,2019,7.9
 Horror,2019,7.9
 Mystery,2019,7.9
Drama,2016,8.7
 Fantasy,2016,8.7
 History,2016,8.7
Drama,2018,8.1
 Romance,2018,8.1
Action,2019,8.4
 Drama,2019,8.4
 Fantasy,2019,8.4
Comedy,2015,9.1
Comedy,2016,9.1
 Drama,2015,9.1
 Drama,2016,9.1
 Family,2015,9.1
 Family,2016,9.1
Animation,1987,7.9
Animation,1988,7.9
Animation,1989,7.9
Animation,1990,7.9
Animation,1991,7.9
Animation,1992,7.9
Animation,1993,7.9
Animation,1994,7.9
Animation,1995,7.9
Animation,1996,7.9
 Action,1987,7.9
 Action,1988,7.9
 Action,1989,7.9
 Action,1990,7.9
 Action,1991,7.9
 Action,1992,7.9
 Action,1993,7.9
 Action,1994,7.9
 Action,1995,7.9
 Action,1996,7.9
 Adventure,1987,7.9
 Adventure,1988,7.9
 Adventure,1989,7.9
 Adventure,1990,7.9
 Adventure,1991,7.9
 Adventure,1992,7.9
 Adventure,1993,7.9
 Adventure,1994,7.9
 Adventure,1995,7.9
 Adventure,1996,7.9
Action,2020,8.1
 Fantasy,2020,8.1
 Horror,2020,8.1
Action,2021,7.1
 Drama,2021,7.1
 Fantasy,2021,7.1
Drama,2016,7.8
 Romance,2016,7.8
 Thriller,2016,7.8
Animation,2018,7.2
 Adventure,2018,7.2
 Comedy,2018,7.2
Comedy,2017,8.4
 Drama,2017,8.4
 Fantasy,2017,8.4
Action,2022,-
 Crime,2022,-
 Drama,2022,-
Comedy,2020,8.8
Comedy,2021,8.8
 Fantasy,2020,8.8
 Fantasy,2021,8.8
 Romance,2020,8.8
 Romance,2021,8.8
Drama,2018,9.1
 Family,2018,9.1
Comedy,2020,8.8
Comedy,2021,8.8
 Drama,2020,8.8
 Drama,2021,8.8
Crime,2020,8.1
Crime,2021,8.1
 Drama,2020,8.1
 Drama,2021,8.1
 Mystery,2020,8.1
 Mystery,2021,8.1
Drama,2020,8.1
 Romance,2020,8.1
Mystery,2021,8.3
 Thriller,2021,8.3
Animation,2003,7.8
Animation,2004,7.8
Animation,2005,7.8
Animation,2006,7.8
Animation,2007,7.8
Animation,2008,7.8
Animation,2009,7.8
Animation,2010,7.8
 Action,2003,7.8
 Action,2004,7.8
 Action,2005,7.8
 Action,2006,7.8
 Action,2007,7.8
 Action,2008,7.8
 Action,2009,7.8
 Action,2010,7.8
 Adventure,2003,7.8
 Adventure,2004,7.8
 Adventure,2005,7.8
 Adventure,2006,7.8
 Adventure,2007,7.8
 Adventure,2008,7.8
 Adventure,2009,7.8
 Adventure,2010,7.8
Comedy,2009,7.9
 Drama,2009,7.9
 Romance,2009,7.9
Drama,2017,8.2
Drama,2018,8.2
 Romance,2017,8.2
 Romance,2018,8.2
Drama,2021,7.6
 Romance,2021,7.6
Romance,2019,8.0
Drama,2016,8.1
 Fantasy,2016,8.1
 Romance,2016,8.1
Action,2013,8.5
Action,2014,8.5
 Drama,2013,8.5
 Drama,2014,8.5
 History,2013,8.5
 History,2014,8.5
Crime,2021,8.4
 Drama,2021,8.4
 Mystery,2021,8.4
Drama,2021,8.1
 Fantasy,2021,8.1
 Romance,2021,8.1
Comedy,2016,8.1
Comedy,2017,8.1
 Fantasy,2016,8.1
 Fantasy,2017,8.1
 Romance,2016,8.1
 Romance,2017,8.1
Drama,2020,7.6
Drama,2021,7.6
 Romance,2020,7.6
 Romance,2021,7.6
Comedy,2021,7.9
 Fantasy,2021,7.9
 Romance,2021,7.9
Comedy,2021,8.5
 Drama,2021,8.5
 Romance,2021,8.5
Comedy,2016,8.0
Comedy,2017,8.0
 Drama,2016,8.0
 Drama,2017,8.0
 History,2016,8.0
 History,2017,8.0
Comedy,2013,8.2
Comedy,2014,8.2
 Drama,2013,8.2
 Drama,2014,8.2
 Fantasy,2013,8.2
 Fantasy,2014,8.2
Crime,2021,8.1
 Drama,2021,8.1
 Mystery,2021,8.1
Comedy,2013,7.5
 Drama,2013,7.5
 Romance,2013,7.5
Drama,2018,7.3
Drama,2019,7.3
 Romance,2018,7.3
 Romance,2019,7.3
Animation,1984,8.0
Animation,1985,8.0
Animation,1986,8.0
Animation,1987,8.0
 Action,1984,8.0
 Action,1985,8.0
 Action,1986,8.0
 Action,1987,8.0
 Adventure,1984,8.0
 Adventure,1985,8.0
 Adventure,1986,8.0
 Adventure,1987,8.0
Action,2014,8.4
Action,2015,8.4
 Comedy,2014,8.4
 Comedy,2015,8.4
 Crime,2014,8.4
 Crime,2015,8.4
Comedy,2021,7.8
 Drama,2021,7.8
 History,2021,7.8
Crime,2017,7.9
 Drama,2017,7.9
 Fantasy,2017,7.9
Action,2017,7.6
Action,2018,7.6
Action,2019,7.6
Action,2020,7.6
Action,2021,7.6
 Crime,2017,7.6
 Crime,2018,7.6
 Crime,2019,7.6
 Crime,2020,7.6
 Crime,2021,7.6
 Mystery,2017,7.6
 Mystery,2018,7.6
 Mystery,2019,7.6
 Mystery,2020,7.6
 Mystery,2021,7.6
Action,2021,6.6
 Comedy,2021,6.6
 Thriller,2021,6.6
Comedy,2019,7.0
Comedy,2020,7.0
Comedy,2021,7.0
 Drama,2019,7.0
 Drama,2020,7.0
 Drama,2021,7.0
 Romance,2019,7.0
 Romance,2020,7.0
 Romance,2021,7.0
Comedy,2021,8.2
 Drama,2021,8.2
 Romance,2021,8.2
Comedy,2020,8.2
 Fantasy,2020,8.2
 Romance,2020,8.2
Crime,2016,8.6
 Drama,2016,8.6
 Fantasy,2016,8.6
Crime,2021,9.1
 Mystery,2021,9.1
Drama,2018,7.8
Drama,2019,7.8
 Romance,2018,7.8
 Romance,2019,7.8
 Sci-Fi,2018,7.8
 Sci-Fi,2019,7.8
Comedy,2017,8.1
Comedy,2018,8.1
 Fantasy,2017,8.1
 Fantasy,2018,8.1
 Horror,2017,8.1
 Horror,2018,8.1
Action,2021,8.2
 Crime,2021,8.2
 Drama,2021,8.2
Action,2018,7.6
 Drama,2018,7.6
 Thriller,2018,7.6
Animation,2003,7.8
Animation,2004,7.8
Animation,2005,7.8
 Action,2003,7.8
 Action,2004,7.8
 Action,2005,7.8
 Adventure,2003,7.8
 Adventure,2004,7.8
 Adventure,2005,7.8
Animation,2015,4.6
 Comedy,2015,4.6
 Family,2015,4.6
Comedy,2019,7.7
 Romance,2019,7.7
Action,2021,7.7
 Crime,2021,7.7
 Drama,2021,7.7
Comedy,2010,9.0
 Game-Show,2010,9.0
 Reality-TV,2010,9.0
Action,2019,8.3
 Drama,2019,8.3
 History,2019,8.3
Action,2018,7.7
 Comedy,2018,7.7
 History,2018,7.7
Drama,2020,7.3
 Romance,2020,7.3
Comedy,2015,7.8
Comedy,2016,7.8
 Drama,2015,7.8
 Drama,2016,7.8
 Romance,2015,7.8
 Romance,2016,7.8
Drama,2019,7.9
 Romance,2019,7.9
Reality-TV,2020,9.5
Comedy,2016,8.4
Comedy,2017,8.4
 Romance,2016,8.4
 Romance,2017,8.4
Animation,2020,7.7
 Action,2020,7.7
 Adventure,2020,7.7
Animation,1991,7.8
Animation,1992,7.8
Animation,1993,7.8
Animation,1994,7.8
Animation,1995,7.8
 Adventure,1991,7.8
 Adventure,1992,7.8
 Adventure,1993,7.8
 Adventure,1994,7.8
 Adventure,1995,7.8
 Sci-Fi,1991,7.8
 Sci-Fi,1992,7.8
 Sci-Fi,1993,7.8
 Sci-Fi,1994,7.8
 Sci-Fi,1995,7.8
Drama,2021,7.8
 Fantasy,2021,7.8
 History,2021,7.8
Animation,2020,7.3
 Action,2020,7.3
 Adventure,2020,7.3
Drama,2019,8.2
 History,2019,8.2
 Romance,2019,8.2
Comedy,2019,7.8
 Fantasy,2019,7.8
 Romance,2019,7.8
Comedy,2017,8.5
Comedy,2018,8.5
 Drama,2017,8.5
 Drama,2018,8.5
Animation,2018,7.1
 Short,2018,7.1
 Adventure,2018,7.1
Comedy,2017,7.1
 Romance,2017,7.1
Animation,2016,6.6
Animation,2017,6.6
Animation,2018,6.6
 Action,2016,6.6
 Action,2017,6.6
 Action,2018,6.6
 Adventure,2016,6.6
 Adventure,2017,6.6
 Adventure,2018,6.6
Comedy,2017,8.1
 Romance,2017,8.1
Comedy,2017,8.1
 Drama,2017,8.1
 Romance,2017,8.1
Comedy,2019,7.7
 Romance,2019,7.7
Reality-TV,2021,8.2
Mystery,2017,8.0
Mystery,2018,8.0
Mystery,2019,8.0
 Thriller,2017,8.0
 Thriller,2018,8.0
 Thriller,2019,8.0
Drama,2016,8.3
Drama,2017,8.3
Drama,2018,8.3
Drama,2019,8.3
Drama,2020,8.3
 Romance,2016,8.3
 Romance,2017,8.3
 Romance,2018,8.3
 Romance,2019,8.3
 Romance,2020,8.3
Animation,2008,7.8
Animation,2009,7.8
Animation,2010,7.8
 Short,2008,7.8
 Short,2009,7.8
 Short,2010,7.8
 Adventure,2008,7.8
 Adventure,2009,7.8
 Adventure,2010,7.8
Drama,2014,8.1
Drama,2015,8.1
 Mystery,2014,8.1
 Mystery,2015,8.1
 Romance,2014,8.1
 Romance,2015,8.1
Drama,2019,7.9
 Romance,2019,7.9
Comedy,2017,7.9
 Crime,2017,7.9
 Romance,2017,7.9
Drama,2021,8.8
Drama,2021,7.8
 Mystery,2021,7.8
Comedy,2015,7.7
 Romance,2015,7.7
Crime,2019,7.1
 Fantasy,2019,7.1
 Romance,2019,7.1
Comedy,2010,8.1
Comedy,2011,8.1
 Drama,2010,8.1
 Drama,2011,8.1
 Fantasy,2010,8.1
 Fantasy,2011,8.1
Romance,2021,8.0
 Comedy,2021,8.0
Comedy,2017,8.0
Comedy,2018,8.0
 Romance,2017,8.0
 Romance,2018,8.0
 Sci-Fi,2017,8.0
 Sci-Fi,2018,8.0
Drama,2018,8.7
Drama,2019,8.7
 Mystery,2018,8.7
 Mystery,2019,8.7
Drama,2016,7.8
 Romance,2016,7.8
Comedy,2016,7.3
 Romance,2016,7.3
Romance,2021,7.5
 Drama,2021,7.5
Drama,2013,8.1
 Romance,2013,8.1
Drama,2019,8.0
Comedy,2007,8.2
 Drama,2007,8.2
 Romance,2007,8.2
Fantasy,2017,6.9
 Romance,2017,6.9
Comedy,2021,7.9
 Drama,2021,7.9
 Romance,2021,7.9
Animation,1988,7.6
Animation,1989,7.6
Animation,1990,7.6
 Action,1988,7.6
 Action,1989,7.6
 Action,1990,7.6
 Adventure,1988,7.6
 Adventure,1989,7.6
 Adventure,1990,7.6
Animation,2001,7.0
Animation,2002,7.0
Animation,2003,7.0
Animation,2004,7.0
Animation,2005,7.0
Animation,2006,7.0
Animation,2007,7.0
Animation,2008,7.0
Animation,2009,7.0
Animation,2010,7.0
Animation,2011,7.0
Animation,2012,7.0
Animation,2013,7.0
Animation,2014,7.0
 Action,2001,7.0
 Action,2002,7.0
 Action,2003,7.0
 Action,2004,7.0
 Action,2005,7.0
 Action,2006,7.0
 Action,2007,7.0
 Action,2008,7.0
 Action,2009,7.0
 Action,2010,7.0
 Action,2011,7.0
 Action,2012,7.0
 Action,2013,7.0
 Action,2014,7.0
 Adventure,2001,7.0
 Adventure,2002,7.0
 Adventure,2003,7.0
 Adventure,2004,7.0
 Adventure,2005,7.0
 Adventure,2006,7.0
 Adventure,2007,7.0
 Adventure,2008,7.0
 Adventure,2009,7.0
 Adventure,2010,7.0
 Adventure,2011,7.0
 Adventure,2012,7.0
 Adventure,2013,7.0
 Adventure,2014,7.0
Comedy,2018,7.4
 Romance,2018,7.4
Comedy,2021,8.9
 Drama,2021,8.9
 Family,2021,8.9
Drama,2021,8.6
 History,2021,8.6
 Romance,2021,8.6
Drama,2018,8.2
 Horror,2018,8.2
 Mystery,2018,8.2
Animation,2018,6.6
 Short,2018,6.6
 Adventure,2018,6.6
Drama,2019,7.9
 History,2019,7.9
 Romance,2019,7.9
Action,2020,7.5
 Comedy,2020,7.5
 Romance,2020,7.5
Comedy,2019,8.0
 Drama,2019,8.0
 Romance,2019,8.0
Action,2014,7.4
 Drama,2014,7.4
 Romance,2014,7.4
Drama,2020,7.9
 Romance,2020,7.9
Comedy,2021,7.5
 Music,2021,7.5
 Romance,2021,7.5
Action,2020,6.3
 Crime,2020,6.3
 Sci-Fi,2020,6.3
Action,2011,8.1
 Romance,2011,8.1
 Thriller,2011,8.1
Comedy,2016,7.8
 Drama,2016,7.8
 Romance,2016,7.8
Drama,2018,7.2
 Mystery,2018,7.2
 Romance,2018,7.2
Animation,1993,7.9
Animation,1994,7.9
Animation,1995,7.9
Animation,1996,7.9
 Comedy,1993,7.9
 Comedy,1994,7.9
 Comedy,1995,7.9
 Comedy,1996,7.9
Fantasy,2020,7.4
 Mystery,2020,7.4
 Romance,2020,7.4
Comedy,2018,8.3
Comedy,2019,8.3
 Drama,2018,8.3
 Drama,2019,8.3
Drama,2015,8.9
Drama,2016,8.9
 History,2015,8.9
 History,2016,8.9
Comedy,2021,7.4
 Romance,2021,7.4
Drama,2012,8.0
 Fantasy,2012,8.0
 Romance,2012,8.0
Drama,2020,7.2
 Fantasy,2020,7.2
 Mystery,2020,7.2
Short,2016,7.4
Short,2017,7.4
Short,2018,7.4
Short,2019,7.4
Short,2020,7.4
Short,2021,7.4
 Comedy,2016,7.4
 Comedy,2017,7.4
 Comedy,2018,7.4
 Comedy,2019,7.4
 Comedy,2020,7.4
 Comedy,2021,7.4
 Drama,2016,7.4
 Drama,2017,7.4
 Drama,2018,7.4
 Drama,2019,7.4
 Drama,2020,7.4
 Drama,2021,7.4
Comedy,2015,8.0
 Drama,2015,8.0
 Fantasy,2015,8.0
Comedy,2011,7.6
Comedy,2012,7.6
 Music,2011,7.6
 Music,2012,7.6
 Romance,2011,7.6
 Romance,2012,7.6
Drama,2017,7.9
 Fantasy,2017,7.9
 Romance,2017,7.9
Comedy,2006,7.1
Comedy,2007,7.1
Comedy,2008,7.1
Comedy,2009,7.1
Comedy,2010,7.1
Comedy,2011,7.1
Comedy,2012,7.1
Comedy,2013,7.1
Comedy,2014,7.1
Comedy,2015,7.1
Comedy,2016,7.1
Comedy,2017,7.1
Comedy,2018,7.1
Comedy,2019,7.1
 Drama,2006,7.1
 Drama,2007,7.1
 Drama,2008,7.1
 Drama,2009,7.1
 Drama,2010,7.1
 Drama,2011,7.1
 Drama,2012,7.1
 Drama,2013,7.1
 Drama,2014,7.1
 Drama,2015,7.1
 Drama,2016,7.1
 Drama,2017,7.1
 Drama,2018,7.1
 Drama,2019,7.1
Drama,2018,7.5
 Fantasy,2018,7.5
 Romance,2018,7.5
Comedy,2020,7.4
 Romance,2020,7.4
Animation,2020,1.8
 Short,2020,1.8
 Adventure,2020,1.8
Drama,2021,8.5
Comedy,2020,8.0
 Fantasy,2020,8.0
 Mystery,2020,8.0
Comedy,2019,6.9
 Drama,2019,6.9
 Fantasy,2019,6.9
Comedy,2018,7.7
Comedy,2019,7.7
Comedy,2020,7.7
Comedy,2021,7.7
 Reality-TV,2018,7.7
 Reality-TV,2019,7.7
 Reality-TV,2020,7.7
 Reality-TV,2021,7.7
Comedy,2019,7.5
 Drama,2019,7.5
 Mystery,2019,7.5
Drama,2021,7.4
 Romance,2021,7.4
 Thriller,2021,7.4
Drama,2019,8.2
 Thriller,2019,8.2
Comedy,2015,8.3
 Drama,2015,8.3
 Romance,2015,8.3
Comedy,2021,8.4
 Drama,2021,8.4
Comedy,2017,7.8
 Drama,2017,7.8
Animation,2004,6.4
Animation,2005,6.4
Animation,2006,6.4
Animation,2007,6.4
Animation,2008,6.4
 Short,2004,6.4
 Short,2005,6.4
 Short,2006,6.4
 Short,2007,6.4
 Short,2008,6.4
 Adventure,2004,6.4
 Adventure,2005,6.4
 Adventure,2006,6.4
 Adventure,2007,6.4
 Adventure,2008,6.4
Comedy,2021,8.5
Comedy,2022,8.5
 Drama,2021,8.5
 Drama,2022,8.5
 Music,2021,8.5
 Music,2022,8.5
Crime,2018,8.3
 Drama,2018,8.3
 Thriller,2018,8.3
Drama,2019,7.5
Music,2021,9.5
 Reality-TV,2021,9.5
Comedy,2016,8.3
Comedy,2017,8.3
 Drama,2016,8.3
 Drama,2017,8.3
 Romance,2016,8.3
 Romance,2017,8.3
Mystery,2020,7.7
 Thriller,2020,7.7
Comedy,2018,8.0
 Drama,2018,8.0
 Romance,2018,8.0
Comedy,2013,8.1
 Drama,2013,8.1
 Fantasy,2013,8.1
Drama,2014,8.6
Crime,2017,8.3
 Fantasy,2017,8.3
 Thriller,2017,8.3
Biography,2003,8.5
Biography,2004,8.5
 Drama,2003,8.5
 Drama,2004,8.5
 History,2003,8.5
 History,2004,8.5
Drama,2017,7.3
 Romance,2017,7.3
Drama,2021,7.8
 Thriller,2021,7.8
Action,2009,7.8
Action,2010,7.8
Action,2011,7.8
Action,2012,7.8
Action,2013,7.8
 Mystery,2009,7.8
 Mystery,2010,7.8
 Mystery,2011,7.8
 Mystery,2012,7.8
 Mystery,2013,7.8
 Romance,2009,7.8
 Romance,2010,7.8
 Romance,2011,7.8
 Romance,2012,7.8
 Romance,2013,7.8
Fantasy,2020,8.0
 Mystery,2020,8.0
 Thriller,2020,8.0
Action,2019,8.2
 Comedy,2019,8.2
 Crime,2019,8.2
Drama,2017,7.5
 Fantasy,2017,7.5
 Romance,2017,7.5
Animation,2015,6.2
 Adventure,2015,6.2
 Family,2015,6.2
Crime,2020,7.5
 Fantasy,2020,7.5
 Mystery,2020,7.5
Comedy,2016,7.3
 Romance,2016,7.3
Fantasy,2021,-
 Thriller,2021,-
Comedy,2021,8.5
 Romance,2021,8.5
Action,2019,7.9
 Comedy,2019,7.9
 History,2019,7.9
Drama,2019,8.2
 Mystery,2019,8.2
 Romance,2019,8.2
Animation,2017,6.5
Animation,2018,6.5
Animation,2019,6.5
 Short,2017,6.5
 Short,2018,6.5
 Short,2019,6.5
 Action,2017,6.5
 Action,2018,6.5
 Action,2019,6.5
Action,2017,7.4
 Drama,2017,7.4
 Thriller,2017,7.4
Drama,2019,7.7
Drama,2020,7.7
 Romance,2019,7.7
 Romance,2020,7.7
Comedy,2016,7.6
 Fantasy,2016,7.6
 Romance,2016,7.6
Comedy,2020,8.0
 Drama,2020,8.0
 Fantasy,2020,8.0
Crime,2017,8.2
 Drama,2017,8.2
 Mystery,2017,8.2
Comedy,2017,6.7
Comedy,2018,6.7
Comedy,2019,6.7
 Romance,2017,6.7
 Romance,2018,6.7
 Romance,2019,6.7
Biography,2009,8.8
 Drama,2009,8.8
 History,2009,8.8
Comedy,2019,7.8
 Drama,2019,7.8
 Fantasy,2019,7.8
Comedy,2014,8.3
 Drama,2014,8.3
 Romance,2014,8.3
Comedy,2020,7.2
 Drama,2020,7.2
 Romance,2020,7.2
Crime,2018,7.4
 Drama,2018,7.4
 Thriller,2018,7.4
Comedy,2017,7.2
 Drama,2017,7.2
 Romance,2017,7.2
Drama,2020,7.7
 Music,2020,7.7
 Romance,2020,7.7
Animation,1993,6.8
Animation,1994,6.8
 Short,1993,6.8
 Short,1994,6.8
 Action,1993,6.8
 Action,1994,6.8
Horror,2021,6.6
 Mystery,2021,6.6
 Thriller,2021,6.6
Comedy,2010,7.4
 Drama,2010,7.4
 Romance,2010,7.4
Comedy,2010,7.8
 Fantasy,2010,7.8
 Romance,2010,7.8
Action,2021,6.7
 Fantasy,2021,6.7
 Sci-Fi,2021,6.7
Comedy,2018,7.5
 Drama,2018,7.5
 Romance,2018,7.5
Action,2020,7.5
 Drama,2020,7.5
 Mystery,2020,7.5
Crime,2018,7.9
 Drama,2018,7.9
 Mystery,2018,7.9
Drama,2012,7.7
Comedy,2020,7.4
 Fantasy,2020,7.4
 Mystery,2020,7.4
Drama,2017,8.3
 Fantasy,2017,8.3
 Romance,2017,8.3
Comedy,2021,7.7
 Music,2021,7.7
 Romance,2021,7.7
Comedy,2018,7.5
 Romance,2018,7.5
Animation,2007,5.7
Animation,2008,5.7
Animation,2009,5.7
Animation,2010,5.7
 Action,2007,5.7
 Action,2008,5.7
 Action,2009,5.7
 Action,2010,5.7
 Adventure,2007,5.7
 Adventure,2008,5.7
 Adventure,2009,5.7
 Adventure,2010,5.7
Drama,2014,7.9
 Music,2014,7.9
 Romance,2014,7.9
Drama,2017,7.7
 Romance,2017,7.7
Drama,2019,7.7
 Mystery,2019,7.7
 Thriller,2019,7.7
Comedy,2018,7.8
 Romance,2018,7.8
Drama,2022,-
 Fantasy,2022,-
 Horror,2022,-
Drama,2016,7.6
Comedy,2021,1.8
 Drama,2021,1.8
 Sport,2021,1.8
Drama,2019,8.4
 Sport,2019,8.4
Fantasy,2020,7.7
 Mystery,2020,7.7
 Thriller,2020,7.7
Drama,2018,7.7
 Thriller,2018,7.7
Crime,2017,7.8
 Drama,2017,7.8
 Thriller,2017,7.8
Comedy,2016,7.7
 Drama,2016,7.7
 Romance,2016,7.7
Drama,2018,8.2
 Mystery,2018,8.2
 Romance,2018,8.2
Drama,2018,7.1
 Romance,2018,7.1
Animation,2001,6.3
Animation,2002,6.3
Animation,2003,6.3
 Action,2001,6.3
 Action,2002,6.3
 Action,2003,6.3
 Adventure,2001,6.3
 Adventure,2002,6.3
 Adventure,2003,6.3
Comedy,2021,7.2
 Fantasy,2021,7.2
 Romance,2021,7.2
Comedy,2021,7.4
 Drama,2021,7.4
Fantasy,2018,7.6
 Romance,2018,7.6
Comedy,2020,6.5
 Drama,2020,6.5
 Fantasy,2020,6.5
Drama,2021,7.0
 Romance,2021,7.0
Drama,2010,8.1
 History,2010,8.1
 Romance,2010,8.1
Crime,2020,6.5
 Drama,2020,6.5
 Romance,2020,6.5
Drama,2019,7.7
 Mystery,2019,7.7
 Thriller,2019,7.7
History,2021,7.6
 Romance,2021,7.6
Comedy,2015,7.3
 Drama,2015,7.3
 Romance,2015,7.3
Drama,2020,7.2
 Fantasy,2020,7.2
 Mystery,2020,7.2
Comedy,2004,7.9
 Romance,2004,7.9
Comedy,2013,8.2
 Fantasy,2013,8.2
 Horror,2013,8.2
Comedy,2012,7.2
 Romance,2012,7.2
Comedy,2020,6.5
 Fantasy,2020,6.5
 Romance,2020,6.5
Comedy,2021,7.5
 Drama,2021,7.5
 Romance,2021,7.5
Comedy,2020,7.4
 Drama,2020,7.4
 Romance,2020,7.4
Fantasy,2019,7.7
 Mystery,2019,7.7
 Romance,2019,7.7
Drama,2021,8.2
 Romance,2021,8.2
Comedy,2018,8.3
 Crime,2018,8.3
 Drama,2018,8.3
Short,2020,5.8
 Horror,2020,5.8
 Mystery,2020,5.8
Drama,2021,7.5
 Mystery,2021,7.5
Fantasy,2020,7.9
 Mystery,2020,7.9
 Sci-Fi,2020,7.9
Comedy,2019,6.8
 Crime,2019,6.8
 Drama,2019,6.8
Animation,2009,5.2
Animation,2010,5.2
Animation,2011,5.2
Animation,2012,5.2
 Action,2009,5.2
 Action,2010,5.2
 Action,2011,5.2
 Action,2012,5.2
 Adventure,2009,5.2
 Adventure,2010,5.2
 Adventure,2011,5.2
 Adventure,2012,5.2
Crime,2019,7.9
 Drama,2019,7.9
 Thriller,2019,7.9
Drama,2018,7.7
 Mystery,2018,7.7
 Romance,2018,7.7
Action,2014,7.9
 Crime,2014,7.9
 Thriller,2014,7.9
Romance,2019,7.2
Drama,2017,8.0
Comedy,2020,7.4
 Romance,2020,7.4
Drama,2015,7.7
 Mystery,2015,7.7
 Romance,2015,7.7
Crime,2020,8.2
 Drama,2020,8.2
 Mystery,2020,8.2
Comedy,2017,7.4
 Fantasy,2017,7.4
Comedy,2021,7.8
 Fantasy,2021,7.8
 Horror,2021,7.8
Action,2019,8.4
 Crime,2019,8.4
 Drama,2019,8.4
Drama,2021,6.5
 Romance,2021,6.5
Drama,2012,8.0
 Fantasy,2012,8.0
 History,2012,8.0
Game-Show,2017,7.3
Game-Show,2018,7.3
 Reality-TV,2017,7.3
 Reality-TV,2018,7.3
Action,2021,6.1
 Fantasy,2021,6.1
 Mystery,2021,6.1
Comedy,2015,7.0
 Drama,2015,7.0
 Romance,2015,7.0
Comedy,2019,7.3
 Romance,2019,7.3
Comedy,2016,7.8
 Fantasy,2016,7.8
 Romance,2016,7.8
Comedy,2010,7.8
 Drama,2010,7.8
 History,2010,7.8
Crime,2015,7.8
 Mystery,2015,7.8
 Romance,2015,7.8
Comedy,2005,8.0
 Drama,2005,8.0
 Romance,2005,8.0
Drama,2021,7.2
 Music,2021,7.2
Comedy,2014,7.9
 Romance,2014,7.9
Fantasy,2020,6.5
 Mystery,2020,6.5
 Romance,2020,6.5
Drama,2017,7.5
Comedy,2017,6.9
 Romance,2017,6.9
Crime,2020,8.1
 Drama,2020,8.1
 Fantasy,2020,8.1
Action,2017,5.9
 Crime,2017,5.9
 Thriller,2017,5.9
Animation,2011,7.0
Animation,2012,7.0
Animation,2013,7.0
Animation,2014,7.0
Animation,2015,7.0
Animation,2016,7.0
Animation,2017,7.0
Animation,2018,7.0
Animation,2019,7.0
Animation,2020,7.0
Animation,2021,7.0
Animation,2022,7.0
 Short,2011,7.0
 Short,2012,7.0
 Short,2013,7.0
 Short,2014,7.0
 Short,2015,7.0
 Short,2016,7.0
 Short,2017,7.0
 Short,2018,7.0
 Short,2019,7.0
 Short,2020,7.0
 Short,2021,7.0
 Short,2022,7.0
 Comedy,2011,7.0
 Comedy,2012,7.0
 Comedy,2013,7.0
 Comedy,2014,7.0
 Comedy,2015,7.0
 Comedy,2016,7.0
 Comedy,2017,7.0
 Comedy,2018,7.0
 Comedy,2019,7.0
 Comedy,2020,7.0
 Comedy,2021,7.0
 Comedy,2022,7.0
Action,2013,8.0
 Comedy,2013,8.0
 Fantasy,2013,8.0
Comedy,2020,8.4
 Drama,2020,8.4
 Romance,2020,8.4
Drama,2013,8.1
 Romance,2013,8.1
Comedy,2009,7.7
 Drama,2009,7.7
 Music,2009,7.7
Crime,2017,7.5
 Drama,2017,7.5
 Mystery,2017,7.5
Action,2017,7.7
 Crime,2017,7.7
 Drama,2017,7.7
Comedy,2019,8.2
 Romance,2019,8.2
Animation,2016,6.8
 Action,2016,6.8
 Adventure,2016,6.8
Action,2020,6.0
 Comedy,2020,6.0
 Romance,2020,6.0
Comedy,2014,7.0
Comedy,2015,7.0
 Romance,2014,7.0
 Romance,2015,7.0
Comedy,2014,7.4
 Drama,2014,7.4
 Romance,2014,7.4
Comedy,2013,7.8
 Drama,2013,7.8
 Romance,2013,7.8
Action,2012,7.7
 Drama,2012,7.7
 Romance,2012,7.7
Drama,2019,7.1
 Mystery,2019,7.1
 Thriller,2019,7.1
Drama,2014,7.2
 Romance,2014,7.2
Drama,2015,7.9
Drama,2016,7.9
 Thriller,2015,7.9
 Thriller,2016,7.9
Comedy,2019,8.1
 Drama,2019,8.1
 Fantasy,2019,8.1
Animation,2012,6.6
Animation,2013,6.6
 Action,2012,6.6
 Action,2013,6.6
 Adventure,2012,6.6
 Adventure,2013,6.6
Comedy,2012,8.0
Comedy,2013,8.0
 Drama,2012,8.0
 Drama,2013,8.0
 Romance,2012,8.0
 Romance,2013,8.0
Drama,2021,-
 Mystery,2021,-
 Romance,2021,-
Comedy,2006,7.6
 Romance,2006,7.6
Comedy,2010,7.1
 Romance,2010,7.1
Comedy,2017,7.0
 Romance,2017,7.0
Action,2011,8.0
Biography,2006,8.0
Biography,2007,8.0
 Drama,2006,8.0
 Drama,2007,8.0
 History,2006,8.0
 History,2007,8.0
Drama,2017,7.4
 History,2017,7.4
 Romance,2017,7.4
Action,2019,7.8
 Drama,2019,7.8
 History,2019,7.8
Drama,2017,6.4
 Romance,2017,6.4
Drama,2020,7.8
 Romance,2020,7.8
Action,2020,6.9
 Comedy,2020,6.9
 Drama,2020,6.9
Comedy,2021,6.0
 Romance,2021,6.0
Fantasy,2018,7.0
Comedy,2015,8.3
 Game-Show,2015,8.3
 Reality-TV,2015,8.3
Animation,2014,7.3
 Action,2014,7.3
 Adventure,2014,7.3
Comedy,2017,8.2
 Drama,2017,8.2
 Romance,2017,8.2
Reality-TV,2021,-
Animation,2013,6.4
Animation,2014,6.4
Animation,2015,6.4
Animation,2016,6.4
Animation,2017,6.4
 Action,2013,6.4
 Action,2014,6.4
 Action,2015,6.4
 Action,2016,6.4
 Action,2017,6.4
 Adventure,2013,6.4
 Adventure,2014,6.4
 Adventure,2015,6.4
 Adventure,2016,6.4
 Adventure,2017,6.4
Drama,2015,6.8
 Romance,2015,6.8
Drama,2017,7.3
 Romance,2017,7.3
Comedy,2016,7.8
 Romance,2016,7.8
Drama,2016,7.8
Drama,2017,7.8
Drama,2020,6.6
 Romance,2020,6.6
Action,2015,7.3
 Fantasy,2015,7.3
 History,2015,7.3
Comedy,2016,5.7
 Drama,2016,5.7
Comedy,2017,7.2
 Romance,2017,7.2
Comedy,2020,7.4
 Drama,2020,7.4
 Romance,2020,7.4
Drama,2018,6.7
Drama,2019,6.7
Animation,1997,5.2
Animation,1998,5.2
 Comedy,1997,5.2
 Comedy,1998,5.2
 Family,1997,5.2
 Family,1998,5.2
Drama,2020,7.5
Drama,2021,7.5
 Romance,2020,7.5
 Romance,2021,7.5
Comedy,2012,7.8
 Fantasy,2012,7.8
 Romance,2012,7.8
Animation,2016,8.3
 Adventure,2016,8.3
 Comedy,2016,8.3
Crime,2018,8.2
 Drama,2018,8.2
 Mystery,2018,8.2
Comedy,2019,7.8
 Crime,2019,7.8
 Mystery,2019,7.8
Drama,2017,6.9
Drama,2018,6.9
Animation,1997,7.3
 Adventure,1997,7.3
 Comedy,1997,7.3
Action,2003,7.8
 Drama,2003,7.8
 Romance,2003,7.8
Drama,2021,8.2
 Romance,2021,8.2
Comedy,2016,7.7
 Romance,2016,7.7
Animation,2008,4.5
Animation,2009,4.5
Animation,2010,4.5
Animation,2011,4.5
Animation,2012,4.5
Animation,2013,4.5
Animation,2014,4.5
Animation,2015,4.5
 Comedy,2008,4.5
 Comedy,2009,4.5
 Comedy,2010,4.5
 Comedy,2011,4.5
 Comedy,2012,4.5
 Comedy,2013,4.5
 Comedy,2014,4.5
 Comedy,2015,4.5
 Family,2008,4.5
 Family,2009,4.5
 Family,2010,4.5
 Family,2011,4.5
 Family,2012,4.5
 Family,2013,4.5
 Family,2014,4.5
 Family,2015,4.5
Fantasy,2017,6.1
 Romance,2017,6.1
Comedy,2017,7.2
Comedy,2018,7.2
 Fantasy,2017,7.2
 Fantasy,2018,7.2
 Romance,2017,7.2
 Romance,2018,7.2
Drama,2008,7.5
 Romance,2008,7.5
Comedy,2015,7.1
 Drama,2015,7.1
 Fantasy,2015,7.1
Comedy,2018,6.7
 Romance,2018,6.7
Animation,2004,5.0
Animation,2005,5.0
Animation,2006,5.0
Animation,2007,5.0
Animation,2008,5.0
 Family,2004,5.0
 Family,2005,5.0
 Family,2006,5.0
 Family,2007,5.0
 Family,2008,5.0
Animation,1993,6.8
Animation,1994,6.8
 Short,1993,6.8
 Short,1994,6.8
 Action,1993,6.8
 Action,1994,6.8
Drama,2015,7.9
Drama,2016,7.9
 Romance,2015,7.9
 Romance,2016,7.9
Fantasy,2021,7.1
 Mystery,2021,7.1
Comedy,2016,8.2
Animation,2018,6.8
 Action,2018,6.8
 Adventure,2018,6.8
Drama,2015,7.5
 Romance,2015,7.5
Fantasy,2012,8.0
 Romance,2012,8.0
Action,2008,8.1
 History,2008,8.1
 Romance,2008,8.1
Drama,2004,8.4
 Romance,2004,8.4
Mystery,2021,-
 Romance,2021,-
 Thriller,2021,-
Reality-TV,2016,9.6
Comedy,2015,7.0
 Romance,2015,7.0
Comedy,2013,7.2
 Romance,2013,7.2
Animation,2006,6.7
Animation,2007,6.7
Animation,2008,6.7
 Action,2006,6.7
 Action,2007,6.7
 Action,2008,6.7
 Comedy,2006,6.7
 Comedy,2007,6.7
 Comedy,2008,6.7
Comedy,2020,7.1
 Fantasy,2020,7.1
 Romance,2020,7.1
Comedy,2018,7.7
Comedy,2019,7.7
 Drama,2018,7.7
 Drama,2019,7.7
 Romance,2018,7.7
 Romance,2019,7.7
Comedy,2019,8.1
Comedy,2020,8.1
Action,2014,7.5
 Comedy,2014,7.5
 Mystery,2014,7.5
Action,2010,6.7
Action,2011,6.7
 Romance,2010,6.7
 Romance,2011,6.7
 Thriller,2010,6.7
 Thriller,2011,6.7
Comedy,2015,7.2
 Drama,2015,7.2
 Romance,2015,7.2
Animation,2020,7.4
Comedy,2020,7.1
 Fantasy,2020,7.1
Crime,2020,7.2
 Drama,2020,7.2
 Fantasy,2020,7.2
Drama,2020,7.6
 Romance,2020,7.6
Comedy,2010,7.7
 Drama,2010,7.7
 Romance,2010,7.7
Mystery,2012,7.9
 Thriller,2012,7.9
Drama,2008,7.7
Drama,2009,7.7
 Fantasy,2008,7.7
 Fantasy,2009,7.7
 History,2008,7.7
 History,2009,7.7
Comedy,2019,7.0
 Fantasy,2019,7.0
 Romance,2019,7.0
Animation,2011,5.6
 Action,2011,5.6
 Adventure,2011,5.6
Game-Show,2015,9.7
Comedy,2013,8.8
 Reality-TV,2013,8.8
Animation,1991,7.0
Animation,1992,7.0
Animation,1993,7.0
Animation,1994,7.0
Animation,1995,7.0
Animation,1996,7.0
Animation,1997,7.0
Animation,1998,7.0
Animation,1999,7.0
Animation,2000,7.0
Animation,2001,7.0
Animation,2002,7.0
Animation,2003,7.0
Animation,2004,7.0
Animation,2005,7.0
Animation,2006,7.0
Animation,2007,7.0
Animation,2008,7.0
Animation,2009,7.0
Animation,2010,7.0
Animation,2011,7.0
Animation,2012,7.0
Animation,2013,7.0
Animation,2014,7.0
Animation,2015,7.0
Animation,2016,7.0
Animation,2017,7.0
Animation,2018,7.0
Animation,2019,7.0
Animation,2020,7.0
 Adventure,1991,7.0
 Adventure,1992,7.0
 Adventure,1993,7.0
 Adventure,1994,7.0
 Adventure,1995,7.0
 Adventure,1996,7.0
 Adventure,1997,7.0
 Adventure,1998,7.0
 Adventure,1999,7.0
 Adventure,2000,7.0
 Adventure,2001,7.0
 Adventure,2002,7.0
 Adventure,2003,7.0
 Adventure,2004,7.0
 Adventure,2005,7.0
 Adventure,2006,7.0
 Adventure,2007,7.0
 Adventure,2008,7.0
 Adventure,2009,7.0
 Adventure,2010,7.0
 Adventure,2011,7.0
 Adventure,2012,7.0
 Adventure,2013,7.0
 Adventure,2014,7.0
 Adventure,2015,7.0
 Adventure,2016,7.0
 Adventure,2017,7.0
 Adventure,2018,7.0
 Adventure,2019,7.0
 Adventure,2020,7.0
 Family,1991,7.0
 Family,1992,7.0
 Family,1993,7.0
 Family,1994,7.0
 Family,1995,7.0
 Family,1996,7.0
 Family,1997,7.0
 Family,1998,7.0
 Family,1999,7.0
 Family,2000,7.0
 Family,2001,7.0
 Family,2002,7.0
 Family,2003,7.0
 Family,2004,7.0
 Family,2005,7.0
 Family,2006,7.0
 Family,2007,7.0
 Family,2008,7.0
 Family,2009,7.0
 Family,2010,7.0
 Family,2011,7.0
 Family,2012,7.0
 Family,2013,7.0
 Family,2014,7.0
 Family,2015,7.0
 Family,2016,7.0
 Family,2017,7.0
 Family,2018,7.0
 Family,2019,7.0
 Family,2020,7.0
Comedy,2016,7.4
 Crime,2016,7.4
 Drama,2016,7.4
Comedy,2016,7.5
 Romance,2016,7.5
Drama,2019,7.6
 Romance,2019,7.6
Drama,2015,6.8
 Horror,2015,6.8
Mystery,2020,7.1
 Thriller,2020,7.1
Drama,2019,7.9
Animation,2016,6.4
 Adventure,2016,6.4
 Comedy,2016,6.4
Comedy,2014,7.4
 Romance,2014,7.4
Drama,2012,7.7
Drama,2013,7.7
 Romance,2012,7.7
 Romance,2013,7.7
Fantasy,2017,7.4
 Romance,2017,7.4
Drama,2016,7.3
 History,2016,7.3
Action,2020,7.5
 Comedy,2020,7.5
 Crime,2020,7.5
Comedy,2014,7.2
Comedy,2015,7.2
 Drama,2014,7.2
 Drama,2015,7.2
 Romance,2014,7.2
 Romance,2015,7.2
Animation,2011,6.1
 Adventure,2011,6.1
 Comedy,2011,6.1
Crime,2017,7.9
 Sci-Fi,2017,7.9
 Thriller,2017,7.9
Drama,2013,7.6
 History,2013,7.6
 Romance,2013,7.6
Drama,2007,8.1
Drama,2008,8.1
 History,2007,8.1
 History,2008,8.1
Fantasy,2014,8.2
 Mystery,2014,8.2
 Thriller,2014,8.2
Action,2016,7.9
Action,2017,7.9
 Adventure,2016,7.9
 Adventure,2017,7.9
 Comedy,2016,7.9
 Comedy,2017,7.9
Comedy,2015,6.7
 Romance,2015,6.7
Action,2021,7.2
 Fantasy,2021,7.2
 History,2021,7.2
Drama,2019,7.6
 Fantasy,2019,7.6
 Music,2019,7.6
Animation,2015,5.5
Animation,2016,5.5
Animation,2017,5.5
Animation,2018,5.5
 Adventure,2015,5.5
 Adventure,2016,5.5
 Adventure,2017,5.5
 Adventure,2018,5.5
 Comedy,2015,5.5
 Comedy,2016,5.5
 Comedy,2017,5.5
 Comedy,2018,5.5
Music,2017,6.9
 Romance,2017,6.9
Drama,2019,7.7
Comedy,2012,8.0
 Drama,2012,8.0
 Romance,2012,8.0
Drama,2019,8.1
Drama,2016,7.9
 Mystery,2016,7.9
 Romance,2016,7.9
Drama,2008,7.9
 History,2008,7.9
 Romance,2008,7.9
Drama,2017,8.3
Comedy,2006,8.4
Romance,2015,7.8
Crime,2020,6.6
 Drama,2020,6.6
 Mystery,2020,6.6
Drama,2011,8.3
 History,2011,8.3
Animation,2003,6.3
 Family,2003,6.3
Comedy,2020,8.9
 Game-Show,2020,8.9
 Mystery,2020,8.9
Drama,2014,7.2
 History,2014,7.2
Drama,2012,7.9
 Music,2012,7.9
 Romance,2012,7.9
Comedy,2014,7.6
 Romance,2014,7.6
Animation,2021,6.2
 Action,2021,6.2
 Adventure,2021,6.2
Drama,2021,7.7
 History,2021,7.7
 Romance,2021,7.7
Animation,2007,8.2
 Action,2007,8.2
 Adventure,2007,8.2
Comedy,2009,7.6
 Drama,2009,7.6
 Romance,2009,7.6
Drama,2020,7.8
Comedy,2016,7.0
 Romance,2016,7.0
Drama,2013,7.5
 History,2013,7.5
 Romance,2013,7.5
Romance,2013,6.9
Action,2012,7.4
 Comedy,2012,7.4
 Fantasy,2012,7.4
Comedy,2005,7.8
Comedy,2006,7.8
 Drama,2005,7.8
 Drama,2006,7.8
 Romance,2005,7.8
 Romance,2006,7.8
Comedy,2020,7.4
 Mystery,2020,7.4
 Romance,2020,7.4
Action,2012,8.4
 History,2012,8.4
 Romance,2012,8.4
Comedy,2020,7.0
Comedy,2021,7.0
 Drama,2020,7.0
 Drama,2021,7.0
 Romance,2020,7.0
 Romance,2021,7.0
Comedy,2017,6.9
 Fantasy,2017,6.9
 Romance,2017,6.9
Drama,2019,7.7
 Mystery,2019,7.7
 Romance,2019,7.7
Comedy,2021,7.4
 Romance,2021,7.4
Animation,2013,5.2
Animation,2014,5.2
Animation,2015,5.2
 Adventure,2013,5.2
 Adventure,2014,5.2
 Adventure,2015,5.2
 Family,2013,5.2
 Family,2014,5.2
 Family,2015,5.2
Drama,2019,6.4
 Romance,2019,6.4
Romance,2009,8.3
Romance,2010,8.3
Mystery,2017,8.2
 Sci-Fi,2017,8.2
Drama,2014,7.5
Drama,2011,7.1
 Music,2011,7.1
 Romance,2011,7.1
Comedy,2018,7.1
 Romance,2018,7.1
Comedy,2016,8.3
 Drama,2016,8.3
Comedy,2020,7.4
 Drama,2020,7.4
Animation,2013,6.8
Drama,2015,6.8
Drama,2016,6.8
Animation,1990,7.4
Animation,1991,7.4
 Adventure,1990,7.4
 Adventure,1991,7.4
 Family,1990,7.4
 Family,1991,7.4
Drama,2016,7.0
Drama,2017,7.0
Crime,2013,7.6
 Drama,2013,7.6
Romance,2018,6.6
Action,2011,8.3
 Drama,2011,8.3
 History,2011,8.3
Comedy,2019,6.9
 History,2019,6.9
 Romance,2019,6.9
Comedy,2014,7.6
 Romance,2014,7.6
Comedy,2016,7.9
 Crime,2016,7.9
 Drama,2016,7.9
Comedy,2022,-
 Mystery,2022,-
 Sci-Fi,2022,-
Reality-TV,2014,8.7
Fantasy,2020,7.9
 Mystery,2020,7.9
 Thriller,2020,7.9
Mystery,2018,7.0
Drama,2014,7.6
Drama,2015,7.6
Drama,2016,7.6
Drama,2017,7.6
Drama,2018,7.6
Drama,2019,7.6
Drama,2020,7.6
Crime,2019,7.8
 Drama,2019,7.8
 Mystery,2019,7.8
Comedy,2018,7.6
 Drama,2018,7.6
Comedy,2015,7.4
 Drama,2015,7.4
 Romance,2015,7.4
Drama,2014,7.3
Comedy,2015,7.5
 Romance,2015,7.5
Action,2009,8.3
Action,2010,8.3
 Adventure,2009,8.3
 Adventure,2010,8.3
 Comedy,2009,8.3
 Comedy,2010,8.3
Drama,2006,8.7
 Romance,2006,8.7
Fantasy,2013,8.2
 Mystery,2013,8.2
 Romance,2013,8.2
Fantasy,2018,6.7
Drama,2019,7.7
Drama,2020,7.7
Drama,2018,7.8
Reality-TV,2013,8.6
Fantasy,2014,6.4
 Romance,2014,6.4
Reality-TV,2008,7.4
Drama,2005,7.2
 Romance,2005,7.2
Drama,2018,7.1
 Romance,2018,7.1
Drama,2012,7.1
Drama,2013,7.1
 History,2012,7.1
 History,2013,7.1
Action,2002,7.8
Action,2003,7.8
 Adventure,2002,7.8
 Adventure,2003,7.8
 Drama,2002,7.8
 Drama,2003,7.8
Action,2012,7.7
 Crime,2012,7.7
 Mystery,2012,7.7
Comedy,2020,7.3
 Drama,2020,7.3
Comedy,2011,7.2
 Drama,2011,7.2
 Romance,2011,7.2
Animation,2020,7.6
Comedy,2016,7.4
 Drama,2016,7.4
 Fantasy,2016,7.4
Comedy,2014,7.1
 Romance,2014,7.1
Drama,2017,7.5
 Mystery,2017,7.5
 Romance,2017,7.5
Documentary,2018,9.2
Animation,2010,6.1
Animation,2011,6.1
Animation,2012,6.1
 Action,2010,6.1
 Action,2011,6.1
 Action,2012,6.1
Biography,2006,8.3
Biography,2007,8.3
 Drama,2006,8.3
 Drama,2007,8.3
 History,2006,8.3
 History,2007,8.3
Fantasy,2011,7.7
Fantasy,2012,7.7
 Romance,2011,7.7
 Romance,2012,7.7
Drama,2020,7.5
Drama,2019,7.9
Animation,1998,6.2
Animation,1999,6.2
Animation,2000,6.2
Animation,2001,6.2
Animation,2002,6.2
Animation,2003,6.2
Animation,2004,6.2
Animation,2005,6.2
Animation,2006,6.2
Animation,2007,6.2
Animation,2008,6.2
Animation,2009,6.2
Animation,2010,6.2
Animation,2011,6.2
Animation,2012,6.2
 Comedy,1998,6.2
 Comedy,1999,6.2
 Comedy,2000,6.2
 Comedy,2001,6.2
 Comedy,2002,6.2
 Comedy,2003,6.2
 Comedy,2004,6.2
 Comedy,2005,6.2
 Comedy,2006,6.2
 Comedy,2007,6.2
 Comedy,2008,6.2
 Comedy,2009,6.2
 Comedy,2010,6.2
 Comedy,2011,6.2
 Comedy,2012,6.2
 Family,1998,6.2
 Family,1999,6.2
 Family,2000,6.2
 Family,2001,6.2
 Family,2002,6.2
 Family,2003,6.2
 Family,2004,6.2
 Family,2005,6.2
 Family,2006,6.2
 Family,2007,6.2
 Family,2008,6.2
 Family,2009,6.2
 Family,2010,6.2
 Family,2011,6.2
 Family,2012,6.2
Animation,2017,6.1
Animation,2018,6.1
Animation,2019,6.1
Animation,2020,6.1
Animation,2021,6.1
 Action,2017,6.1
 Action,2018,6.1
 Action,2019,6.1
 Action,2020,6.1
 Action,2021,6.1
 Adventure,2017,6.1
 Adventure,2018,6.1
 Adventure,2019,6.1
 Adventure,2020,6.1
 Adventure,2021,6.1
Comedy,2015,7.3
Comedy,2016,7.3
 Romance,2015,7.3
 Romance,2016,7.3
Comedy,2016,7.5
 Drama,2016,7.5
 Romance,2016,7.5
Drama,2006,7.9
Drama,2007,7.9
 Romance,2006,7.9
 Romance,2007,7.9
Animation,2000,6.8
 Action,2000,6.8
 Adventure,2000,6.8
Romance,2019,6.6
Game-Show,2011,7.7
 Talk-Show,2011,7.7
Drama,2011,7.9
 Romance,2011,7.9
Comedy,2018,8.0
 Drama,2018,8.0
 Romance,2018,8.0
Comedy,2018,6.7
 Romance,2018,6.7
Drama,2018,7.5
 Romance,2018,7.5
Drama,2016,7.0
 Thriller,2016,7.0
Drama,2018,5.1
Adventure,2007,8.0
 Comedy,2007,8.0
 Family,2007,8.0
Comedy,2018,6.3
 Romance,2018,6.3
Drama,1995,8.8
Romance,2017,6.4
Crime,2016,7.4
 Drama,2016,7.4
Comedy,2011,7.0
 Drama,2011,7.0
 Romance,2011,7.0
Adventure,2017,6.9
 Mystery,2017,6.9
Drama,2016,7.8
Action,2012,7.8
Action,2013,7.8
 History,2012,7.8
 History,2013,7.8
 Romance,2012,7.8
 Romance,2013,7.8
Reality-TV,2020,8.4
Animation,2009,5.6
Animation,2010,5.6
Animation,2011,5.6
Animation,2012,5.6
 Action,2009,5.6
 Action,2010,5.6
 Action,2011,5.6
 Action,2012,5.6
 Comedy,2009,5.6
 Comedy,2010,5.6
 Comedy,2011,5.6
 Comedy,2012,5.6
Comedy,2021,8.0
 Drama,2021,8.0
Game-Show,2013,9.2
Animation,2013,8.7
Music,2015,6.7
Music,2016,6.7
Music,2017,6.7
Music,2018,6.7
Music,2019,6.7
Music,2020,6.7
 Reality-TV,2015,6.7
 Reality-TV,2016,6.7
 Reality-TV,2017,6.7
 Reality-TV,2018,6.7
 Reality-TV,2019,6.7
 Reality-TV,2020,6.7
Drama,2011,8.0
 Fantasy,2011,8.0
 Romance,2011,8.0
Drama,2020,7.4
 Fantasy,2020,7.4
 History,2020,7.4
Fantasy,2015,6.4
 Romance,2015,6.4
Comedy,2021,5.9
 Romance,2021,5.9
Drama,2011,8.5
Drama,2012,8.5
Drama,2019,7.1
Drama,2021,8.2
Comedy,2013,8.0
 Fantasy,2013,8.0
 Romance,2013,8.0
Drama,2017,6.9
Drama,2018,6.9
 Romance,2017,6.9
 Romance,2018,6.9
Comedy,2016,7.9
 Romance,2016,7.9
Romance,2014,7.9
Comedy,2012,6.3
Drama,2019,8.3
 Mystery,2019,8.3
Drama,2010,7.4
 Fantasy,2010,7.4
 Thriller,2010,7.4
Animation,2011,6.2
 Comedy,2011,6.2
 Family,2011,6.2
Game-Show,2018,8.4
Drama,2019,8.2
Animation,2016,8.2
Animation,2017,8.2
Animation,2018,8.2
 Comedy,2016,8.2
 Comedy,2017,8.2
 Comedy,2018,8.2
 Musical,2016,8.2
 Musical,2017,8.2
 Musical,2018,8.2
Drama,2018,7.7
Romance,2021,7.9
Action,2009,7.0
 Adventure,2009,7.0
 Drama,2009,7.0
Comedy,2018,6.5
 Drama,2018,6.5
 Horror,2018,6.5
Drama,2019,6.7
 Mystery,2019,6.7
Action,2013,8.2
 Crime,2013,8.2
 Drama,2013,8.2
Comedy,2019,7.3
 Drama,2019,7.3
 Music,2019,7.3
Reality-TV,2017,8.7
Reality-TV,2018,8.7
Drama,2013,7.6
 Romance,2013,7.6
 Thriller,2013,7.6
Drama,1999,8.1
 Mystery,1999,8.1
Comedy,2018,7.8
 Crime,2018,7.8
 Drama,2018,7.8
Drama,2014,7.3
Drama,2015,7.3
 Fantasy,2014,7.3
 Fantasy,2015,7.3
 Romance,2014,7.3
 Romance,2015,7.3
Comedy,2014,7.3
 Drama,2014,7.3
 Music,2014,7.3
Drama,2002,7.5
 Romance,2002,7.5
Crime,2017,8.2
 Drama,2017,8.2
Crime,2015,7.7
 Drama,2015,7.7
 Thriller,2015,7.7
Animation,2015,7.8
Comedy,2012,7.6
 Drama,2012,7.6
 Romance,2012,7.6
Romance,2015,6.6
Comedy,2014,6.5
 Mystery,2014,6.5
 Romance,2014,6.5
Drama,2006,8.2
Action,2013,7.9
Action,2014,7.9
 Drama,2013,7.9
 Drama,2014,7.9
 Romance,2013,7.9
 Romance,2014,7.9
Action,2014,7.2
 History,2014,7.2
 Romance,2014,7.2
Comedy,1999,7.4
 Drama,1999,7.4
 Romance,1999,7.4
Biography,2011,8.6
Biography,2012,8.6
 Drama,2011,8.6
 Drama,2012,8.6
 History,2011,8.6
 History,2012,8.6
Comedy,2020,7.7
 Drama,2020,7.7
Drama,2021,-
 History,2021,-
 Romance,2021,-
Drama,2008,7.8
Drama,2009,7.8
 Family,2008,7.8
 Family,2009,7.8
 Romance,2008,7.8
 Romance,2009,7.8
Fantasy,2012,6.5
Drama,2007,8.0
 Fantasy,2007,8.0
 History,2007,8.0
Animation,2014,3.3
Animation,2015,3.3
Animation,2016,3.3
 Action,2014,3.3
 Action,2015,3.3
 Action,2016,3.3
 Adventure,2014,3.3
 Adventure,2015,3.3
 Adventure,2016,3.3
Drama,1998,7.6
Drama,1999,7.6
Drama,2000,7.6
Drama,2001,7.6
Drama,2002,7.6
Drama,2003,7.6
Drama,2004,7.6
Drama,2005,7.6
Drama,2006,7.6
Drama,2007,7.6
Drama,2008,7.6
Drama,2009,7.6
Drama,2010,7.6
Drama,2011,7.6
Drama,2012,7.6
Drama,2013,7.6
 History,1998,7.6
 History,1999,7.6
 History,2000,7.6
 History,2001,7.6
 History,2002,7.6
 History,2003,7.6
 History,2004,7.6
 History,2005,7.6
 History,2006,7.6
 History,2007,7.6
 History,2008,7.6
 History,2009,7.6
 History,2010,7.6
 History,2011,7.6
 History,2012,7.6
 History,2013,7.6
 Romance,1998,7.6
 Romance,1999,7.6
 Romance,2000,7.6
 Romance,2001,7.6
 Romance,2002,7.6
 Romance,2003,7.6
 Romance,2004,7.6
 Romance,2005,7.6
 Romance,2006,7.6
 Romance,2007,7.6
 Romance,2008,7.6
 Romance,2009,7.6
 Romance,2010,7.6
 Romance,2011,7.6
 Romance,2012,7.6
 Romance,2013,7.6
Mystery,2021,6.4
 Thriller,2021,6.4
Comedy,2011,7.8
 Drama,2011,7.8
 Romance,2011,7.8
Comedy,2019,7.0
Drama,2015,7.7
 Romance,2015,7.7
Animation,1997,6.9
Animation,1998,6.9
Animation,1999,6.9
Animation,2000,6.9
 Action,1997,6.9
 Action,1998,6.9
 Action,1999,6.9
 Action,2000,6.9
 Adventure,1997,6.9
 Adventure,1998,6.9
 Adventure,1999,6.9
 Adventure,2000,6.9
Romance,2011,7.1
Drama,2013,-
Drama,2014,-
 Romance,2013,-
 Romance,2014,-
Drama,2014,7.1
 Fantasy,2014,7.1
 Romance,2014,7.1
Comedy,2018,5.1
 Fantasy,2018,5.1
 Romance,2018,5.1
Drama,2019,7.3
 Fantasy,2019,7.3
Comedy,2021,5.9
Drama,2022,-
 Romance,2022,-
Comedy,2013,7.7
 Romance,2013,7.7
Drama,2019,7.4
Drama,2014,7.8
Drama,2015,7.8
 Romance,2014,7.8
 Romance,2015,7.8
 Thriller,2014,7.8
 Thriller,2015,7.8
Comedy,2009,7.0
 Romance,2009,7.0
Mystery,2018,7.3
Action,2017,7.4
Action,2018,7.4
 Adventure,2017,7.4
 Adventure,2018,7.4
 Comedy,2017,7.4
 Comedy,2018,7.4
Talk-Show,2021,6.2
Romance,2018,7.1
Animation,2019,7.4
Comedy,2020,7.5
Comedy,2021,7.5
 Mystery,2020,7.5
 Mystery,2021,7.5
 Romance,2020,7.5
 Romance,2021,7.5
Mystery,2018,8.5
 Romance,2018,8.5
Drama,2020,7.3
 Romance,2020,7.3
Fantasy,2018,6.6
 Romance,2018,6.6
Comedy,2013,7.3
 Drama,2013,7.3
 Romance,2013,7.3
Drama,2016,7.5
 History,2016,7.5
Family,2010,8.5
Family,2011,8.5
Comedy,2009,7.7
 Drama,2009,7.7
 Romance,2009,7.7
Action,2014,7.5
Action,2015,7.5
 Drama,2014,7.5
 Drama,2015,7.5
 Romance,2014,7.5
 Romance,2015,7.5
Drama,2010,8.1
 Family,2010,8.1
 Romance,2010,8.1
Animation,2001,6.1
Animation,2002,6.1
Animation,2003,6.1
Animation,2004,6.1
 Family,2001,6.1
 Family,2002,6.1
 Family,2003,6.1
 Family,2004,6.1
 Sci-Fi,2001,6.1
 Sci-Fi,2002,6.1
 Sci-Fi,2003,6.1
 Sci-Fi,2004,6.1
Action,2017,7.8
Romance,2012,7.5
Romance,2013,7.5
Romance,2014,7.5
Romance,2015,7.5
Romance,2016,7.5
Drama,2015,7.4
 Fantasy,2015,7.4
 Romance,2015,7.4
Drama,2017,7.8
 Thriller,2017,7.8
Game-Show,2021,8.8
Drama,2016,6.8
 Romance,2016,6.8
Drama,2011,7.8
 History,2011,7.8
Action,2006,7.9
Action,2007,7.9
 Adventure,2006,7.9
 Adventure,2007,7.9
 Drama,2006,7.9
 Drama,2007,7.9
Action,2000,8.2
Action,2001,8.2
 Adventure,2000,8.2
 Adventure,2001,8.2
 Drama,2000,8.2
 Drama,2001,8.2
Drama,2009,7.5
 Fantasy,2009,7.5
 History,2009,7.5
Comedy,2018,7.7
 Drama,2018,7.7
 Romance,2018,7.7
Thriller,2019,7.6
Animation,2017,5.0
Action,2014,7.6
 Crime,2014,7.6
 Drama,2014,7.6
Comedy,2017,8.0
Comedy,2018,8.0
 Romance,2017,8.0
 Romance,2018,8.0
Drama,2010,7.0
 Romance,2010,7.0
Comedy,2015,7.6
 Drama,2015,7.6
Crime,2021,7.3
 Drama,2021,7.3
 Fantasy,2021,7.3
Action,2010,7.0
 Comedy,2010,7.0
 Romance,2010,7.0
Drama,2017,8.5
Game-Show,2018,8.7
Game-Show,2019,8.7
 Reality-TV,2018,8.7
 Reality-TV,2019,8.7
Game-Show,2003,7.4
Game-Show,2004,7.4
Game-Show,2005,7.4
Game-Show,2006,7.4
Game-Show,2007,7.4
Drama,2015,9.3
Drama,2016,9.3
 Romance,2015,9.3
 Romance,2016,9.3
Animation,2005,8.1
Animation,2006,8.1
Animation,2007,8.1
 Adventure,2005,8.1
 Adventure,2006,8.1
 Adventure,2007,8.1
 Comedy,2005,8.1
 Comedy,2006,8.1
 Comedy,2007,8.1
Drama,2014,6.0
 Fantasy,2014,6.0
Comedy,2013,7.0
 Drama,2013,7.0
 Romance,2013,7.0
Drama,2020,6.9
 Romance,2020,6.9
Comedy,2013,7.7
 Romance,2013,7.7
Reality-TV,2021,-
Drama,2012,7.3
Comedy,2016,7.1
 Romance,2016,7.1
Reality-TV,2014,8.7
Action,2018,7.7
Action,2019,7.7
 Adventure,2018,7.7
 Adventure,2019,7.7
 Comedy,2018,7.7
 Comedy,2019,7.7
Drama,2015,7.4
 Music,2015,7.4
 Reality-TV,2015,7.4
Drama,2016,7.9
 Music,2016,7.9
Comedy,2021,6.0
 Drama,2021,6.0
 Mystery,2021,6.0
Drama,2010,7.7
 Mystery,2010,7.7
 Romance,2010,7.7
Action,2015,7.8
 Crime,2015,7.8
 Thriller,2015,7.8
Comedy,2018,7.3
 Romance,2018,7.3
Reality-TV,2005,8.5
Reality-TV,2006,8.5
Reality-TV,2007,8.5
Reality-TV,2008,8.5
Reality-TV,2009,8.5
Reality-TV,2010,8.5
Reality-TV,2011,8.5
Reality-TV,2012,8.5
Reality-TV,2013,8.5
Reality-TV,2014,8.5
Reality-TV,2015,8.5
Reality-TV,2016,8.5
Reality-TV,2017,8.5
Reality-TV,2018,8.5
Comedy,2011,6.7
 Romance,2011,6.7
Action,2013,8.2
Action,2014,8.2
 Adventure,2013,8.2
 Adventure,2014,8.2
 Comedy,2013,8.2
 Comedy,2014,8.2
Drama,2022,-
 Mystery,2022,-
 Thriller,2022,-
Comedy,2020,7.7
 Drama,2020,7.7
 Romance,2020,7.7
Comedy,2020,7.0
 Drama,2020,7.0
 Romance,2020,7.0
Mystery,2015,7.3
 Thriller,2015,7.3
Action,2010,8.0
Action,2011,8.0
 Adventure,2010,8.0
 Adventure,2011,8.0
 Comedy,2010,8.0
 Comedy,2011,8.0
Drama,2016,8.0
Drama,2015,7.9
Drama,2016,7.9
 History,2015,7.9
 History,2016,7.9
Action,2003,8.4
Action,2004,8.4
 Adventure,2003,8.4
 Adventure,2004,8.4
 Drama,2003,8.4
 Drama,2004,8.4
Comedy,2019,7.3
 Drama,2019,7.3
 Romance,2019,7.3
Drama,2011,7.6
 Romance,2011,7.6
Crime,2016,6.7
 Fantasy,2016,6.7
Comedy,2014,7.6
 Drama,2014,7.6
 Romance,2014,7.6
Reality-TV,2014,8.5
Reality-TV,2015,8.5
Reality-TV,2016,8.5
Drama,2014,7.0
Drama,2015,7.0
 Romance,2014,7.0
 Romance,2015,7.0
Drama,2010,6.1
Action,2009,7.8
 Drama,2009,7.8
 Romance,2009,7.8
Drama,2009,6.9
 Romance,2009,6.9
Drama,2013,7.2
 Romance,2013,7.2
Drama,2017,7.2
Crime,2020,8.0
 Mystery,2020,8.0
 Thriller,2020,8.0
Biography,2016,7.8
 Drama,2016,7.8
 History,2016,7.8
Romance,2010,6.2
Comedy,2012,6.8
 Drama,2012,6.8
 Music,2012,6.8
Action,2018,7.6
 Drama,2018,7.6
 Fantasy,2018,7.6
Fantasy,2013,6.9
 Horror,2013,6.9
 Mystery,2013,6.9
Action,2009,8.4
 Crime,2009,8.4
 Drama,2009,8.4
Action,2016,7.0
 Drama,2016,7.0
Comedy,2016,7.3
 Romance,2016,7.3
Comedy,2015,7.3
 Drama,2015,7.3
 Romance,2015,7.3
Crime,2015,8.0
Drama,2005,8.1
 Mystery,2005,8.1
 Romance,2005,8.1
Animation,2001,6.1
Animation,2002,6.1
 Adventure,2001,6.1
 Adventure,2002,6.1
 Fantasy,2001,6.1
 Fantasy,2002,6.1
Animation,2016,6.6
 Action,2016,6.6
 Adventure,2016,6.6
Drama,2005,7.5
 Romance,2005,7.5
Comedy,2014,6.8
 Drama,2014,6.8
 Romance,2014,6.8
Drama,2018,7.2
 Romance,2018,7.2
Drama,2021,7.8
Comedy,2011,7.0
 Drama,2011,7.0
 Romance,2011,7.0
Music,2020,7.9
 Reality-TV,2020,7.9
Drama,2019,7.7
Crime,2018,7.6
 Drama,2018,7.6
Animation,2012,5.8
Animation,2013,5.8
Drama,2015,7.7
 Romance,2015,7.7
Drama,2005,8.0
Animation,2012,2.7
 Family,2012,2.7
Drama,2018,7.9
 Fantasy,2018,7.9
 Mystery,2018,7.9
Romance,2004,7.4
 Drama,2004,7.4
Action,2021,-
Reality-TV,2017,8.6
Comedy,2021,7.2
 Fantasy,2021,7.2
 Romance,2021,7.2
Drama,2020,7.5
 Mystery,2020,7.5
Drama,2004,8.0
Drama,2005,8.0
Drama,2013,7.6
 Mystery,2013,7.6
Drama,2018,7.8
 Fantasy,2018,7.8
 Mystery,2018,7.8
Comedy,2013,6.3
 Romance,2013,6.3
Comedy,2019,-
 Reality-TV,2019,-
Comedy,2018,6.8
 Fantasy,2018,6.8
 Romance,2018,6.8
Animation,2000,5.9
Animation,2001,5.9
 Action,2000,5.9
 Action,2001,5.9
 Adventure,2000,5.9
 Adventure,2001,5.9
Drama,2012,6.0
Reality-TV,2020,8.1
Reality-TV,2013,8.6
Reality-TV,2014,8.6
Reality-TV,2015,8.6
Reality-TV,2016,8.6
Comedy,2020,6.5
 Romance,2020,6.5
Comedy,2016,6.7
 Drama,2016,6.7
 Romance,2016,6.7
Drama,2018,7.3
Comedy,2020,7.3
 Crime,2020,7.3
 Drama,2020,7.3
Comedy,2012,7.2
 Romance,2012,7.2
 Sport,2012,7.2
Comedy,2016,7.6
 Romance,2016,7.6
Drama,2015,7.7
 Romance,2015,7.7
Music,2021,7.6
 Reality-TV,2021,7.6
Drama,1999,8.6
Drama,2000,8.6
Animation,2006,5.5
Animation,2007,5.5
Animation,2008,5.5
 Adventure,2006,5.5
 Adventure,2007,5.5
 Adventure,2008,5.5
 Comedy,2006,5.5
 Comedy,2007,5.5
 Comedy,2008,5.5
Action,2022,-
Crime,2018,7.4
 Drama,2018,7.4
 Mystery,2018,7.4
Comedy,2017,7.5
 Mystery,2017,7.5
Romance,2014,7.6
Romance,2015,7.6
Drama,2018,7.0
-,2011,6.5
Drama,2008,7.6
Drama,2009,7.6
Drama,2010,6.9
Drama,2014,6.3
Short,2016,6.5
Short,2017,6.5
 Comedy,2016,6.5
 Comedy,2017,6.5
 Drama,2016,6.5
 Drama,2017,6.5
Action,2015,6.4
Action,2016,6.4
 Adventure,2015,6.4
 Adventure,2016,6.4
 Comedy,2015,6.4
 Comedy,2016,6.4
Drama,2016,7.9
Drama,2012,6.5
Drama,2017,6.4
Drama,2018,6.4
 Romance,2017,6.4
 Romance,2018,6.4
Drama,2019,7.6
Drama,2015,7.7
Drama,2012,8.2
 History,2012,8.2
Romance,2002,8.0
Drama,2021,-
 Romance,2021,-
Drama,2019,7.5
Music,2016,7.8
 Reality-TV,2016,7.8
Animation,2009,6.0
Animation,2010,6.0
Animation,2011,6.0
 Comedy,2009,6.0
 Comedy,2010,6.0
 Comedy,2011,6.0
Action,2014,7.4
 Adventure,2014,7.4
 Drama,2014,7.4
Action,2008,7.3
Action,2009,7.3
 Adventure,2008,7.3
 Adventure,2009,7.3
 Drama,2008,7.3
 Drama,2009,7.3
Comedy,2018,8.2
 Romance,2018,8.2
Animation,1987,7.7
 Action,1987,7.7
 Sci-Fi,1987,7.7
Reality-TV,2019,7.6
Action,2008,7.8
 Drama,2008,7.8
 Romance,2008,7.8
Fantasy,2019,6.6
 Mystery,2019,6.6
Action,2020,7.5
 Crime,2020,7.5
 Drama,2020,7.5
Music,2018,7.9
 Reality-TV,2018,7.9
Drama,2013,7.4
 History,2013,7.4
 Romance,2013,7.4
Drama,2021,-
 Romance,2021,-
Drama,2016,7.5
 Romance,2016,7.5
Romance,2010,7.1
Drama,2018,7.8
Drama,2006,8.6
 Mystery,2006,8.6
 Romance,2006,8.6
Documentary,2018,-
Documentary,2019,-
 Drama,2018,-
 Drama,2019,-
 Reality-TV,2018,-
 Reality-TV,2019,-
Game-Show,2015,9.3
Romance,2003,7.1
Drama,2017,7.4
Comedy,2005,7.6
 Drama,2005,7.6
 Romance,2005,7.6
Comedy,2014,7.5
 Romance,2014,7.5
Comedy,2012,9.3
Animation,2019,5.1
Romance,2004,8.2
Romance,2005,8.2
Comedy,2016,6.4
 Drama,2016,6.4
 Fantasy,2016,6.4
Comedy,2017,7.2
Comedy,2018,7.2
 Romance,2017,7.2
 Romance,2018,7.2
Drama,2002,8.0
Comedy,2015,6.7
 Romance,2015,6.7
Animation,2010,6.9
 Comedy,2010,6.9
 Family,2010,6.9
Action,2015,6.9
 Thriller,2015,6.9
Drama,2016,6.9
Action,2007,7.6
Action,2008,7.6
 Adventure,2007,7.6
 Adventure,2008,7.6
 Comedy,2007,7.6
 Comedy,2008,7.6
Animation,2017,8.0
Animation,2018,8.0
Animation,2019,8.0
 Comedy,2017,8.0
 Comedy,2018,8.0
 Comedy,2019,8.0
Reality-TV,2015,8.7
Music,2015,7.2
 Romance,2015,7.2
Animation,2010,5.4
Animation,2011,5.4
Animation,2012,5.4
Animation,2013,5.4
Animation,2014,5.4
Animation,2015,5.4
Animation,2016,5.4
Animation,2017,5.4
Animation,2018,5.4
Animation,2019,5.4
 Comedy,2010,5.4
 Comedy,2011,5.4
 Comedy,2012,5.4
 Comedy,2013,5.4
 Comedy,2014,5.4
 Comedy,2015,5.4
 Comedy,2016,5.4
 Comedy,2017,5.4
 Comedy,2018,5.4
 Comedy,2019,5.4
 Family,2010,5.4
 Family,2011,5.4
 Family,2012,5.4
 Family,2013,5.4
 Family,2014,5.4
 Family,2015,5.4
 Family,2016,5.4
 Family,2017,5.4
 Family,2018,5.4
 Family,2019,5.4
Comedy,2014,7.2
 Romance,2014,7.2
Drama,2013,8.5
 Romance,2013,8.5
Comedy,2011,7.0
 Romance,2011,7.0
Comedy,2000,8.2
Mystery,2018,7.1
Drama,2015,7.2
 Romance,2015,7.2
Crime,2011,8.1
 Drama,2011,8.1
 Thriller,2011,8.1
Reality-TV,2011,8.3
Comedy,2019,7.6
 Drama,2019,7.6
Comedy,2014,6.5
 Drama,2014,6.5
 Fantasy,2014,6.5
Reality-TV,2021,8.9
Comedy,2019,7.4
 Drama,2019,7.4
Horror,2018,7.7
Drama,2016,8.1
Family,2012,8.0
Family,2013,8.0
 Romance,2012,8.0
 Romance,2013,8.0
Action,2009,7.7
 Drama,2009,7.7
 Romance,2009,7.7
Action,2014,7.2
 Thriller,2014,7.2
Drama,2020,8.2
Action,2008,7.5
 Comedy,2008,7.5
 Drama,2008,7.5
Action,2010,8.4
 Drama,2010,8.4
 Romance,2010,8.4
Drama,2014,7.0
 Romance,2014,7.0
Animation,2012,5.5
Drama,2018,7.3
 Family,2018,7.3
Reality-TV,2017,-
Reality-TV,2018,-
Reality-TV,2019,-
Reality-TV,2020,-
Crime,2011,6.5
 Romance,2011,6.5
Drama,2020,8.0
Family,2019,6.8
Drama,2007,7.8
Drama,2014,7.2
Drama,2015,7.2
 Romance,2014,7.2
 Romance,2015,7.2
Drama,2017,6.8
Drama,2012,7.6
Drama,2018,7.3
Romance,2001,7.5
Drama,2007,8.2
 Mystery,2007,8.2
 Thriller,2007,8.2
Animation,2017,-
Biography,2010,7.5
Biography,2011,7.5
 Drama,2010,7.5
 Drama,2011,7.5
 History,2010,7.5
 History,2011,7.5
Biography,2014,8.6
 History,2014,8.6
Reality-TV,2010,-
Drama,2015,8.0
Drama,2015,7.9
Reality-TV,2019,8.3
Drama,2016,8.0
Crime,2019,7.8
 Drama,2019,7.8
 Mystery,2019,7.8
Drama,2018,7.4
Crime,2005,8.6
 Drama,2005,8.6
 Mystery,2005,8.6
Drama,2018,7.4
Drama,2016,7.5
 Romance,2016,7.5
Drama,2016,8.3
Drama,2017,8.3
Drama,2017,6.6
 Mystery,2017,6.6
 Romance,2017,6.6
Documentary,2020,8.0
Action,2001,8.1
Action,2002,8.1
 Adventure,2001,8.1
 Adventure,2002,8.1
 Drama,2001,8.1
 Drama,2002,8.1
Animation,2007,6.4
 Action,2007,6.4
 Adventure,2007,6.4
Drama,2014,7.2
 Romance,2014,7.2
Romance,2001,8.0
Romance,2012,7.8
Drama,2018,8.0
Drama,2018,6.4
Comedy,2003,7.9
 Drama,2003,7.9
 Romance,2003,7.9
Drama,2014,5.4
 Fantasy,2014,5.4
 Romance,2014,5.4
Drama,2013,7.8
 History,2013,7.8
 Thriller,2013,7.8
Comedy,2016,6.7
 Drama,2016,6.7
 Romance,2016,6.7
Crime,2010,7.4
 Drama,2010,7.4
 Mystery,2010,7.4
Comedy,2012,8.2
Drama,2011,8.3
 Romance,2011,8.3
Romance,2013,7.7
-,2020,7.0
Comedy,2019,8.1
 Drama,2019,8.1
Animation,2018,7.9
 Short,2018,7.9
 Drama,2018,7.9
Drama,2017,7.2
Adventure,2001,3.6
Adventure,2002,3.6
Adventure,2003,3.6
 Animation,2001,3.6
 Animation,2002,3.6
 Animation,2003,3.6
 Action,2001,3.6
 Action,2002,3.6
 Action,2003,3.6
Romance,2021,7.9
Drama,2009,7.1
Action,2004,8.5
 Biography,2004,8.5
 Drama,2004,8.5
Drama,2006,7.8
 Romance,2006,7.8
Drama,2016,8.5
Comedy,2009,6.7
 Drama,2009,6.7
Drama,2019,6.9
Comedy,2013,7.7
 Romance,2013,7.7
Thriller,2007,8.1
Drama,2009,6.7
 History,2009,6.7
Drama,2011,8.2
Drama,2012,8.2
 Romance,2011,8.2
 Romance,2012,8.2
Comedy,2014,6.7
 Fantasy,2014,6.7
 Romance,2014,6.7
Game-Show,2010,7.9
 Sport,2010,7.9
Comedy,2017,7.0
Comedy,2018,7.0
 Drama,2017,7.0
 Drama,2018,7.0
 Romance,2017,7.0
 Romance,2018,7.0
Drama,2018,7.8
 Romance,2018,7.8
Animation,2018,7.5
 Short,2018,7.5
 Mystery,2018,7.5
Drama,2019,8.0
Drama,2022,-
 Romance,2022,-
Crime,2022,-
 Drama,2022,-
Comedy,2015,7.1
 Drama,2015,7.1
 Romance,2015,7.1
Romance,2018,7.0
Animation,2008,5.8
 Action,2008,5.8
 Family,2008,5.8
Drama,2013,7.9
 Romance,2013,7.9
Drama,2008,-
Drama,2009,-
 Romance,2008,-
 Romance,2009,-
Talk-Show,2007,8.0
Romance,2003,7.9
Comedy,2010,7.3
 Romance,2010,7.3
Drama,2018,7.2
Fantasy,2021,-
 Mystery,2021,-
Romance,2013,7.5
Romance,2014,7.5
Drama,2013,7.0
 Romance,2013,7.0
Action,2012,6.9
Action,2013,6.9
 Adventure,2012,6.9
 Adventure,2013,6.9
 Comedy,2012,6.9
 Comedy,2013,6.9
Drama,2002,8.0
Drama,2003,8.0
Comedy,2015,7.9
 Drama,2015,7.9
 Romance,2015,7.9
Comedy,2016,6.9
 Drama,2016,6.9
Drama,2018,7.0
 Romance,2018,7.0
Romance,2011,5.2
Romance,2012,5.2
Horror,2008,7.2
Reality-TV,2017,8.6
Comedy,2019,7.1
 Romance,2019,7.1
Animation,2015,7.7
Comedy,2001,7.4
Comedy,2002,7.4
Comedy,2003,7.4
Comedy,2004,7.4
Comedy,2005,7.4
Comedy,2006,7.4
Comedy,2007,7.4
Comedy,2008,7.4
Comedy,2009,7.4
Comedy,2010,7.4
Comedy,2011,7.4
Comedy,2012,7.4
Comedy,2013,7.4
Comedy,2014,7.4
Comedy,2015,7.4
Comedy,2016,7.4
Comedy,2017,7.4
Comedy,2018,7.4
Comedy,2019,7.4
Comedy,2020,7.4
 Talk-Show,2001,7.4
 Talk-Show,2002,7.4
 Talk-Show,2003,7.4
 Talk-Show,2004,7.4
 Talk-Show,2005,7.4
 Talk-Show,2006,7.4
 Talk-Show,2007,7.4
 Talk-Show,2008,7.4
 Talk-Show,2009,7.4
 Talk-Show,2010,7.4
 Talk-Show,2011,7.4
 Talk-Show,2012,7.4
 Talk-Show,2013,7.4
 Talk-Show,2014,7.4
 Talk-Show,2015,7.4
 Talk-Show,2016,7.4
 Talk-Show,2017,7.4
 Talk-Show,2018,7.4
 Talk-Show,2019,7.4
 Talk-Show,2020,7.4
Comedy,2012,7.2
 Romance,2012,7.2
Drama,2009,7.1
Drama,2010,7.1
 Romance,2009,7.1
 Romance,2010,7.1
Drama,2007,7.6
Drama,2008,7.6
 Romance,2007,7.6
 Romance,2008,7.6
Comedy,2010,6.9
 Romance,2010,6.9
Animation,2018,7.7
 Action,2018,7.7
 Adventure,2018,7.7
Drama,2018,7.6
Drama,2018,6.0
 Romance,2018,6.0
Action,2011,7.2
 Crime,2011,7.2
 Drama,2011,7.2
Action,2011,7.7
Action,2012,7.7
 Adventure,2011,7.7
 Adventure,2012,7.7
 Comedy,2011,7.7
 Comedy,2012,7.7
Comedy,2012,6.5
 Drama,2012,6.5
 Romance,2012,6.5
Drama,1997,8.5
Drama,1998,8.5
 Romance,1997,8.5
 Romance,1998,8.5
Adventure,2017,6.9
 Comedy,2017,6.9
 Drama,2017,6.9
Drama,2013,7.0
 Music,2013,7.0
 Romance,2013,7.0
Drama,2013,-
 Romance,2013,-
Drama,2010,6.9
Drama,2008,6.7
Drama,2009,6.7
 Romance,2008,6.7
 Romance,2009,6.7
Drama,2008,7.6
 History,2008,7.6
Comedy,2008,-
 Romance,2008,-
Comedy,2012,7.4
 Drama,2012,7.4
 Romance,2012,7.4
Drama,2018,7.8
 Mystery,2018,7.8
Comedy,2012,6.8
 Fantasy,2012,6.8
 Romance,2012,6.8
Comedy,2015,7.4
 Romance,2015,7.4
Action,2008,7.0
 Drama,2008,7.0
 History,2008,7.0
Drama,2015,8.0
Drama,2016,8.0
Drama,2016,6.2
Drama,2019,7.2
Drama,2014,7.4
 Romance,2014,7.4
Action,2004,7.8
Action,2005,7.8
 Adventure,2004,7.8
 Adventure,2005,7.8
 Drama,2004,7.8
 Drama,2005,7.8
Drama,2011,8.0
 Romance,2011,8.0
Drama,2019,7.5
Drama,2011,7.3
Comedy,2021,-
 Drama,2021,-
Drama,2014,-
Drama,2015,-
 Romance,2014,-
 Romance,2015,-
Drama,2015,5.3
Action,2013,5.8
 Romance,2013,5.8
Romance,2019,7.5
Music,2019,7.1
 Reality-TV,2019,7.1
Animation,2013,7.3
Drama,2002,7.8
 Romance,2002,7.8
Drama,2013,7.8
 Romance,2013,7.8
Drama,2018,7.1
Comedy,2020,7.2
 Drama,2020,7.2
 Romance,2020,7.2
Drama,2013,7.7
 Romance,2013,7.7
Comedy,2018,7.4
 Drama,2018,7.4
Reality-TV,2017,8.5
Drama,2009,6.2
Comedy,2015,-
Drama,2016,7.0
Drama,2002,7.3
 Romance,2002,7.3
Comedy,2014,6.2
 Romance,2014,6.2
Drama,2019,7.9
Drama,2007,8.0
Drama,2008,8.0
 Romance,2007,8.0
 Romance,2008,8.0
Comedy,2016,6.3
 Romance,2016,6.3
Drama,2016,6.4
Drama,2017,6.4
 Romance,2016,6.4
 Romance,2017,6.4
Drama,2011,7.6
Drama,2012,7.6
 Romance,2011,7.6
 Romance,2012,7.6
Comedy,2017,7.0
 Romance,2017,7.0
Romance,2022,-
 Drama,2022,-
Drama,2001,8.3
Drama,2002,8.3
 History,2001,8.3
 History,2002,8.3
 Romance,2001,8.3
 Romance,2002,8.3
Drama,2019,7.1
Animation,2018,4.7
Adventure,2020,7.6
Adventure,2021,7.6
Comedy,2015,7.4
 Romance,2015,7.4
Comedy,2017,6.3
 Drama,2017,6.3
 Fantasy,2017,6.3
Comedy,2012,6.7
 Drama,2012,6.7
Game-Show,2018,-
Game-Show,2019,-
Game-Show,2020,-
Game-Show,2021,-
 Reality-TV,2018,-
 Reality-TV,2019,-
 Reality-TV,2020,-
 Reality-TV,2021,-
Action,2008,7.3
Action,2009,7.3
 Drama,2008,7.3
 Drama,2009,7.3
 Romance,2008,7.3
 Romance,2009,7.3
Romance,2020,7.9
Romance,2021,7.9
Drama,2015,8.3
 Romance,2015,8.3
Music,2017,-
 Talk-Show,2017,-
Drama,2016,7.1
 Romance,2016,7.1
Animation,2018,6.1
Comedy,2012,6.8
Comedy,2013,6.8
 Romance,2012,6.8
 Romance,2013,6.8
Drama,2012,7.5
Game-Show,2018,7.2
 Talk-Show,2018,7.2
Comedy,2009,7.0
 Drama,2009,7.0
 Romance,2009,7.0
Comedy,2010,6.7
 Drama,2010,6.7
 Music,2010,6.7
Comedy,2011,7.7
 Drama,2011,7.7
 Romance,2011,7.7
Romance,2018,7.8
Animation,2006,8.0
Drama,2017,7.4
Comedy,2014,7.4
 Drama,2014,7.4
 Romance,2014,7.4
Comedy,2017,8.1
 Drama,2017,8.1
Music,1999,6.8
Family,2010,8.2
 Romance,2010,8.2
Drama,2018,7.2
Reality-TV,2021,7.0
 Music,2021,7.0
Drama,2007,7.7
Drama,2008,7.7
 History,2007,7.7
 History,2008,7.7
Comedy,2015,6.2
 Romance,2015,6.2
Animation,2006,6.1
Crime,2016,7.3
 Thriller,2016,7.3
Drama,2020,7.0
 Fantasy,2020,7.0
 Romance,2020,7.0
Game-Show,2014,7.7
 Talk-Show,2014,7.7
Comedy,2007,7.9
Drama,2016,7.4
Comedy,2013,6.1
 Fantasy,2013,6.1
 Romance,2013,6.1
Animation,2013,7.9
Animation,2014,7.9
 Action,2013,7.9
 Action,2014,7.9
 Adventure,2013,7.9
 Adventure,2014,7.9
Action,2014,7.6
Action,2015,7.6
 Adventure,2014,7.6
 Adventure,2015,7.6
 Comedy,2014,7.6
 Comedy,2015,7.6
Drama,2014,7.3
Drama,2015,7.3
 History,2014,7.3
 History,2015,7.3
 Romance,2014,7.3
 Romance,2015,7.3
Drama,2006,5.2
Drama,2007,5.2
Drama,2018,7.3
 Mystery,2018,7.3
 Thriller,2018,7.3
Drama,2020,7.3
Drama,2011,7.7
Drama,2012,7.7
Game-Show,2008,8.7
Game-Show,2009,8.7
Game-Show,2010,8.7
Drama,2008,8.2
 Romance,2008,8.2
Comedy,2020,7.3
 Drama,2020,7.3
Animation,2017,5.0
Drama,2016,7.2
Drama,1997,8.2
 Romance,1997,8.2
Crime,2021,-
 Mystery,2021,-
 Thriller,2021,-
Thriller,2016,7.4
Drama,2015,7.3
 Mystery,2015,7.3
 Romance,2015,7.3
Drama,2003,7.7
Romance,2003,6.0
Drama,2018,6.3
Drama,2010,8.3
-,2016,-
Drama,2014,7.4
 Romance,2014,7.4
Crime,2012,7.8
Comedy,2010,7.5
Comedy,2011,7.5
 Drama,2010,7.5
 Drama,2011,7.5
Drama,2011,8.5
Drama,2012,8.5
 Romance,2011,8.5
 Romance,2012,8.5
 Thriller,2011,8.5
 Thriller,2012,8.5
Drama,2014,7.3
 Romance,2014,7.3
Drama,2000,7.8
 Romance,2000,7.8
Drama,2000,8.1
Drama,2001,8.1
Drama,2002,8.1
Action,2005,7.6
Action,2006,7.6
 Adventure,2005,7.6
 Adventure,2006,7.6
 Drama,2005,7.6
 Drama,2006,7.6
Drama,2013,7.4
Comedy,2011,6.8
 Romance,2011,6.8
Drama,2018,7.2
 Romance,2018,7.2
Drama,2015,6.7
Drama,2016,6.7
 Romance,2015,6.7
 Romance,2016,6.7
Drama,2013,6.5
Drama,2019,7.3
Romance,2006,7.7
Action,2017,7.2
Reality-TV,2021,8.5
Drama,2010,7.1
Drama,2011,7.1
Drama,2009,7.8
 Romance,2009,7.8
Action,2016,-
Action,2017,-
Action,2018,-
 Adventure,2016,-
 Adventure,2017,-
 Adventure,2018,-
 Drama,2016,-
 Drama,2017,-
 Drama,2018,-
Animation,2012,7.2
 Adventure,2012,7.2
 Family,2012,7.2
Adventure,2019,8.8
 Comedy,2019,8.8
 Reality-TV,2019,8.8
Comedy,2006,-
Comedy,2022,-
 Romance,2022,-
Drama,2008,7.2
Comedy,2007,6.8
 Drama,2007,6.8
 Romance,2007,6.8
Reality-TV,2020,8.6
Drama,2016,7.0
 Thriller,2016,7.0
Drama,2013,7.7
Romance,2008,6.7
Romance,2014,7.2
Drama,2019,6.9
Talk-Show,2018,-
Comedy,2016,6.7
 Romance,2016,6.7
Drama,2013,7.1
 Romance,2013,7.1
Drama,2013,7.1
 Romance,2013,7.1
Comedy,2015,7.6
 Drama,2015,7.6
 Romance,2015,7.6
Comedy,2004,6.9
 Romance,2004,6.9
Comedy,2013,7.8
 Drama,2013,7.8
Comedy,2006,6.9
 Drama,2006,6.9
 Romance,2006,6.9
Drama,2014,7.6
Drama,2015,7.6
 Romance,2014,7.6
 Romance,2015,7.6
Comedy,2013,7.7
 Drama,2013,7.7
 Romance,2013,7.7
Animation,2009,8.2
 Comedy,2009,8.2
Reality-TV,2014,7.2
Reality-TV,2019,8.3
Drama,2009,6.8
Drama,2010,6.8
Romance,2008,6.6
Drama,2015,7.2
Drama,2016,7.2
Action,2015,6.4
 Romance,2015,6.4
 Thriller,2015,6.4
Drama,2003,8.4
Drama,2004,8.4
Drama,2005,8.4
Drama,2006,8.4
Comedy,2008,7.6
 Music,2008,7.6
 Reality-TV,2008,7.6
Crime,2014,7.2
Crime,2015,7.2
Animation,2015,6.2
Animation,2016,6.2
Animation,2017,6.2
Animation,2011,7.8
Fantasy,2017,6.9
Mystery,2002,8.1
Animation,2012,6.8
Comedy,2017,7.0
 Drama,2017,7.0
 Romance,2017,7.0
Comedy,2017,6.4
Comedy,2018,6.4
 Drama,2017,6.4
 Drama,2018,6.4
Drama,2010,-
Drama,2011,-
 Family,2010,-
 Family,2011,-
 Romance,2010,-
 Romance,2011,-
Drama,2019,6.1
Drama,1997,7.7
 Romance,1997,7.7
Drama,2015,6.8
Action,2012,6.6
Action,2013,6.6
 Comedy,2012,6.6
 Comedy,2013,6.6
 Fantasy,2012,6.6
 Fantasy,2013,6.6
Fantasy,2011,7.8
 Mystery,2011,7.8
 Thriller,2011,7.8
Drama,2005,8.2
Drama,2006,8.2
 Romance,2005,8.2
 Romance,2006,8.2
Action,2011,6.2
 Drama,2011,6.2
 History,2011,6.2
Romance,2005,7.5
Romance,2006,7.5
Romance,2004,6.1
Comedy,2011,6.6
Comedy,2012,6.6
Drama,2002,8.8
 Romance,2002,8.8
Talk-Show,2013,7.5
Drama,2016,6.9
Comedy,2007,6.4
Romance,2012,6.2
Comedy,2010,-
 Family,2010,-
 Romance,2010,-
War,2010,8.6
Comedy,2007,6.1
 Drama,2007,6.1
 Romance,2007,6.1
Comedy,2008,7.6
 Drama,2008,7.6
 Romance,2008,7.6
Comedy,2013,7.3
 Drama,2013,7.3
 Romance,2013,7.3
Comedy,2019,-
 Game-Show,2019,-
Action,2013,5.6
 Drama,2013,5.6
 History,2013,5.6
Comedy,2012,7.8
Comedy,2013,7.8
 Drama,2012,7.8
 Drama,2013,7.8
 Romance,2012,7.8
 Romance,2013,7.8
Drama,2011,7.9
 Romance,2011,7.9
Reality-TV,2014,8.4
Reality-TV,2016,7.4
Action,2011,5.6
 Drama,2011,5.6
 Romance,2011,5.6
Romance,2010,7.2
Romance,2011,7.2
Drama,2010,6.0
 Music,2010,6.0
 Romance,2010,6.0
Reality-TV,2014,7.9
Musical,2015,6.5
Comedy,2012,8.0
Reality-TV,2020,-
 Sport,2020,-
Drama,2015,7.0
 Romance,2015,7.0
Drama,2004,7.5
Animation,2012,4.7
 Adventure,2012,4.7
 Family,2012,4.7
Comedy,2020,7.3
 Drama,2020,7.3
 Fantasy,2020,7.3
Drama,2006,8.5
Drama,2007,8.5
 Romance,2006,8.5
 Romance,2007,8.5
Comedy,2007,6.1
 Romance,2007,6.1
Drama,2011,7.2
 Romance,2011,7.2
Animation,1999,6.6
Drama,2009,5.7
 Romance,2009,5.7
Comedy,2005,7.2
 Romance,2005,7.2
Drama,2016,8.3
Drama,2017,8.3
 Romance,2016,8.3
 Romance,2017,8.3
Drama,2001,7.0
Drama,2010,7.4
 Romance,2010,7.4
Drama,2015,8.2
Drama,2019,7.1
Drama,2019,6.8
Drama,2006,7.3
Comedy,2015,6.6
 Drama,2015,6.6
Reality-TV,2019,-
Drama,2009,6.8
Comedy,2012,5.8
 Romance,2012,5.8
Game-Show,2007,-
Drama,2011,7.3
 Romance,2011,7.3
Music,2005,7.9
Drama,2015,6.4
Comedy,2007,7.5
 Romance,2007,7.5
Romance,2000,7.5
Drama,2007,6.5
Music,2014,6.8
Drama,2014,-
Reality-TV,2018,-
 Romance,2018,-
Animation,2016,6.9
 Action,2016,6.9
 Adventure,2016,6.9
Drama,2021,-
 Thriller,2021,-
Drama,2012,8.1
 Romance,2012,8.1
Drama,2009,7.7
Animation,1997,8.5
 Family,1997,8.5
Comedy,2016,7.9
Comedy,2017,7.9
 Drama,2016,7.9
 Drama,2017,7.9
Music,2019,8.1
 Reality-TV,2019,8.1
Comedy,2011,8.0
Comedy,2012,8.0
 Drama,2011,8.0
 Drama,2012,8.0
 Romance,2011,8.0
 Romance,2012,8.0
Drama,2009,7.4
 Horror,2009,7.4
 Mystery,2009,7.4
-,2019,-
Drama,2013,7.2
 Romance,2013,7.2
Drama,2018,7.3
Romance,2005,7.7
Drama,2015,8.2
 Romance,2015,8.2
Animation,2016,7.8
Drama,2010,6.8
 Romance,2010,6.8
Family,2014,8.2
Family,2015,8.2
Family,2016,8.2
Family,2017,8.2
Family,2018,8.2
Family,2019,8.2
Comedy,2004,7.4
 Drama,2004,7.4
 Romance,2004,7.4
Music,1991,5.8
History,2011,8.3
History,2012,8.3
Drama,2008,6.5
 Romance,2008,6.5
Drama,2013,7.5
Drama,2014,7.5
 Romance,2013,7.5
 Romance,2014,7.5
Drama,2013,7.5
Comedy,2013,7.5
Comedy,2014,7.5
 Drama,2013,7.5
 Drama,2014,7.5
 Romance,2013,7.5
 Romance,2014,7.5
Comedy,2011,7.0
 Romance,2011,7.0
Drama,2014,6.0
Reality-TV,2013,8.7
Animation,1995,7.0
Animation,1996,7.0
 Comedy,1995,7.0
 Comedy,1996,7.0
Animation,2015,8.2
 Action,2015,8.2
 Adventure,2015,8.2
Drama,2007,7.3
 Romance,2007,7.3
Romance,2002,7.4
Romance,2018,5.6
Comedy,2013,7.6
 Romance,2013,7.6
Action,2007,6.9
 Drama,2007,6.9
 Romance,2007,6.9
Drama,2015,7.4
 Romance,2015,7.4
Romance,2008,7.1
Drama,2014,-
Drama,2015,-
 Romance,2014,-
 Romance,2015,-
Drama,2010,7.3
 Mystery,2010,7.3
 Romance,2010,7.3
Drama,2018,8.4
Romance,1997,7.4
Animation,2017,6.1
Drama,2004,7.8
 Romance,2004,7.8
Animation,2011,6.9
 Family,2011,6.9
Romance,2005,-
Drama,2019,-
Drama,2000,7.2
Animation,2011,7.2
 Family,2011,7.2
Crime,2014,7.3
 Fantasy,2014,7.3
 Mystery,2014,7.3
Animation,2019,-
Animation,2007,-
War,2010,8.4
Drama,2014,6.4
 Romance,2014,6.4
Animation,2006,7.1
Animation,2007,7.1
Reality-TV,2009,-
Reality-TV,2010,-
Reality-TV,2011,-
Reality-TV,2012,-
Reality-TV,2013,-
Comedy,2006,7.3
 Romance,2006,7.3
Game-Show,2017,7.6
Comedy,2014,8.3
 Drama,2014,8.3
 Romance,2014,8.3
Comedy,2013,6.5
 Romance,2013,6.5
Game-Show,2014,7.6
Action,2011,7.5
 Crime,2011,7.5
 Thriller,2011,7.5
Drama,2009,-
 Romance,2009,-
 Sport,2009,-
Drama,2010,6.2
Comedy,2011,8.3
Comedy,2012,8.3
 Drama,2011,8.3
 Drama,2012,8.3
 Romance,2011,8.3
 Romance,2012,8.3
Romance,2009,7.8
Drama,2014,6.3
 Romance,2014,6.3
Romance,2009,-
Romance,2010,-
Romance,2007,7.0
Animation,2002,7.5
Animation,2003,7.5
Comedy,2011,7.5
Comedy,2012,7.5
Comedy,2013,7.5
Comedy,2014,7.5
Comedy,2015,7.5
Comedy,2016,7.5
Comedy,2017,7.5
Animation,2015,7.7
Animation,2016,7.7
Animation,2017,7.7
Animation,2018,7.7
 Action,2015,7.7
 Action,2016,7.7
 Action,2017,7.7
 Action,2018,7.7
 Comedy,2015,7.7
 Comedy,2016,7.7
 Comedy,2017,7.7
 Comedy,2018,7.7
Drama,2008,6.2
 Romance,2008,6.2
Comedy,2010,7.6
Comedy,2011,7.6
 Romance,2010,7.6
 Romance,2011,7.6
Animation,2009,6.6
 Sci-Fi,2009,6.6
Drama,2012,8.1
Drama,2016,7.4
Drama,2017,7.4
 Romance,2016,7.4
 Romance,2017,7.4
Comedy,2012,6.9
Comedy,2013,6.9
 Drama,2012,6.9
 Drama,2013,6.9
Drama,2017,7.9
 Romance,2017,7.9
-,2018,-
Comedy,2008,-
 Drama,2008,-
Drama,2013,6.2
 Romance,2013,6.2
Drama,2016,7.8
 Romance,2016,7.8
Drama,2010,7.5
Drama,2012,7.4
Drama,2019,-
Comedy,2009,7.3
Drama,2002,7.6
Drama,2003,7.6
Drama,2017,7.3
 Romance,2017,7.3
Drama,2005,8.1
Romance,2013,6.5
Drama,2021,-
Drama,2004,-
 History,2004,-
Drama,2001,-
 Romance,2001,-
Comedy,2017,7.4
Romance,2004,-
Drama,2013,8.1
 Romance,2013,8.1
 Thriller,2013,8.1
Drama,2007,7.7
 Romance,2007,7.7
Drama,2018,7.1
 Family,2018,7.1
 Romance,2018,7.1
Drama,2016,4.2
Comedy,2018,7.7
 Romance,2018,7.7
Comedy,2017,-
 Fantasy,2017,-
Drama,2010,8.0
 History,2010,8.0
 Mystery,2010,8.0
Drama,2014,6.8
Animation,2014,-
Reality-TV,2013,-
Reality-TV,2014,-
Reality-TV,2015,-
Comedy,2014,7.1
 Romance,2014,7.1
Drama,2011,6.1
 Music,2011,6.1
 Romance,2011,6.1
Comedy,2018,-
 Drama,2018,-
 Romance,2018,-
Drama,2012,-
Drama,2013,-
 Romance,2012,-
 Romance,2013,-
Drama,2015,-
Drama,2016,-
Drama,2011,-
 Romance,2011,-
Comedy,2012,6.4
 Drama,2012,6.4
Reality-TV,2020,-
Drama,2015,7.0
 History,2015,7.0
 War,2015,7.0
Family,2014,-
Comedy,2020,7.6
 Drama,2020,7.6
 Romance,2020,7.6
Drama,2017,2.7
Comedy,2007,8.0
 Romance,2007,8.0
Comedy,2010,7.2
 Drama,2010,7.2
 Romance,2010,7.2
Comedy,2013,7.8
 Drama,2013,7.8
 Mystery,2013,7.8
Drama,2007,7.4
Drama,2008,7.4
 Romance,2007,7.4
 Romance,2008,7.4
Drama,1999,-
Drama,2000,-
 Romance,1999,-
 Romance,2000,-
Comedy,2015,6.9
Comedy,2016,6.9
 Drama,2015,6.9
 Drama,2016,6.9
Drama,2018,7.0
Drama,2010,-
 Romance,2010,-
Romance,2014,7.7
Romance,2007,8.0
Drama,2012,7.0
Drama,2001,8.4
 History,2001,8.4
Comedy,2018,-
 Family,2018,-
 Reality-TV,2018,-
Romance,2019,6.4
 Sci-Fi,2019,6.4
Reality-TV,2018,8.6
Drama,2005,6.8
Drama,2006,6.8
 History,2005,6.8
 History,2006,6.8
Animation,2010,7.3
Animation,2011,7.3
 Family,2010,7.3
 Family,2011,7.3
 Sci-Fi,2010,7.3
 Sci-Fi,2011,7.3
Romance,2014,7.2
Drama,2008,7.0
Drama,2009,7.0
Drama,2012,7.7
Drama,2015,6.3
 Romance,2015,6.3
Comedy,2014,6.4
 Music,2014,6.4
 Romance,2014,6.4
Drama,2008,7.3
Game-Show,2015,-
 Talk-Show,2015,-
Drama,2022,-
Reality-TV,2016,8.3
Action,2005,7.4
 Comedy,2005,7.4
 Crime,2005,7.4
Romance,2013,7.4
Drama,2017,7.7
Sport,2016,6.6
-,2019,8.0
Music,2017,7.5
 Reality-TV,2017,7.5
Comedy,2009,7.7
 Drama,2009,7.7
 Romance,2009,7.7
Romance,2008,7.8
Comedy,2002,7.0
 Drama,2002,7.0
 Romance,2002,7.0
Drama,2012,7.6
Drama,2013,7.6
 Romance,2012,7.6
 Romance,2013,7.6
Horror,2014,-
Comedy,2015,-
Comedy,2016,-
Drama,2004,-
Animation,2010,6.8
Drama,2015,5.6
Drama,2012,8.0
 Thriller,2012,8.0
-,2010,8.5
-,2011,8.5
Drama,2017,6.9
Animation,2016,6.2
 Comedy,2016,6.2
 Fantasy,2016,6.2
Drama,2011,5.9
 Romance,2011,5.9
Family,2008,8.5
Family,2009,8.5
 Romance,2008,8.5
 Romance,2009,8.5
Crime,2011,7.8
 Mystery,2011,7.8
 Thriller,2011,7.8
Comedy,2011,7.8
Comedy,2012,7.8
 Drama,2011,7.8
 Drama,2012,7.8
 Music,2011,7.8
 Music,2012,7.8
Animation,2013,-
Comedy,2007,8.5
Comedy,2008,8.5
 Romance,2007,8.5
 Romance,2008,8.5
Action,2014,6.4
 Drama,2014,6.4
 Thriller,2014,6.4
Drama,2007,7.8
Drama,2017,7.0
Comedy,2017,5.5
 Romance,2017,5.5
Reality-TV,2016,8.3
Family,2009,8.2
Family,2010,8.2
 Romance,2009,8.2
 Romance,2010,8.2
Animation,2001,4.5
Animation,2002,4.5
Animation,2003,4.5
Animation,2004,4.5
Animation,2005,4.5
Comedy,2013,6.2
 Drama,2013,6.2
 Romance,2013,6.2
Drama,2014,6.9
 Romance,2014,6.9
Animation,2012,6.3
Animation,2013,6.3
Drama,2006,6.9
Animation,2010,6.4
Animation,2016,3.6
Drama,2020,-
 Romance,2020,-
Drama,2014,7.5
 Romance,2014,7.5
History,2011,-
Drama,2009,7.7
Comedy,2011,-
Drama,2016,8.0
Drama,2017,8.0
 Romance,2016,8.0
 Romance,2017,8.0
Comedy,2008,6.5
 Romance,2008,6.5
Crime,2011,-
 Drama,2011,-
 Mystery,2011,-
Talk-Show,2010,7.4
Talk-Show,2011,7.4
Talk-Show,2012,7.4
Talk-Show,2013,7.4
Talk-Show,2014,7.4
Talk-Show,2015,7.4
Talk-Show,2016,7.4
Talk-Show,2017,7.4
Talk-Show,2018,7.4
Talk-Show,2019,7.4
Drama,2015,7.4
Animation,1991,7.2
 Comedy,1991,7.2
 Family,1991,7.2
Drama,2010,-
Drama,2015,-
 Family,2015,-
Drama,2017,5.8
 Mystery,2017,5.8
 Romance,2017,5.8
Drama,2017,4.9
Reality-TV,2013,7.3
 Romance,2013,7.3
Drama,2014,7.6
Drama,2015,7.6
 Romance,2014,7.6
 Romance,2015,7.6
Music,2018,7.2
 Reality-TV,2018,7.2
Drama,2003,5.8
 Romance,2003,5.8
Drama,2008,7.6
Music,1998,7.4
Romance,2001,-
Drama,1997,7.3
Romance,2015,7.5
Drama,2019,7.4
-,2008,8.4
Music,1986,8.6
Romance,2012,7.8
Romance,2013,7.8
Documentary,2007,8.3
Documentary,2008,8.3
 Comedy,2007,8.3
 Comedy,2008,8.3
Animation,2001,4.8
 Family,2001,4.8
Talk-Show,2011,-
Talk-Show,2012,-
Talk-Show,2013,-
Talk-Show,2014,-
Talk-Show,2015,-
Talk-Show,2016,-
Comedy,2006,7.1
 Romance,2006,7.1
Crime,2014,7.2
 Drama,2014,7.2
Drama,1982,-
Drama,2018,8.1
Comedy,2007,7.7
 Drama,2007,7.7
 Romance,2007,7.7
Drama,2019,7.1
Drama,2010,7.0
 Romance,2010,7.0
Music,2011,-
Music,2012,-
Music,2013,-
 Musical,2011,-
 Musical,2012,-
 Musical,2013,-
Horror,2006,7.0
Romance,2010,6.7
Drama,2008,4.8
Drama,2009,4.8
Drama,2014,7.3
Drama,1993,7.1
Comedy,2013,6.8
Drama,2004,8.1
Drama,2005,8.1
 Family,2004,8.1
 Family,2005,8.1
Drama,2019,6.4
Drama,2011,8.1
Drama,2012,8.1
 Romance,2011,8.1
 Romance,2012,8.1
Comedy,2016,-
Action,2021,-
Drama,1997,7.3
Drama,2016,6.5
Drama,2018,7.7
Romance,2014,6.4
Drama,2015,-
 Romance,2015,-
Drama,1991,8.2
Music,2009,7.6
Drama,2010,6.8
 History,2010,6.8
Thriller,2016,-
Drama,2019,7.9
 Fantasy,2019,7.9
Drama,2018,4.4
Comedy,2015,-
 Romance,2015,-
Drama,2013,8.0
Drama,2014,8.0
 Romance,2013,8.0
 Romance,2014,8.0
Romance,2005,7.3
Game-Show,2017,-
 Music,2017,-
 Reality-TV,2017,-
Drama,2016,-
Drama,2017,-
 Romance,2016,-
 Romance,2017,-
Documentary,2011,-
 Game-Show,2011,-
 Music,2011,-
Drama,2015,-
 Romance,2015,-
Drama,2019,7.9
Drama,2021,5.3
 Romance,2021,5.3
Drama,2016,6.7
Drama,2009,7.7
Drama,2006,8.1
Drama,2012,-
Drama,2013,-
 Romance,2012,-
 Romance,2013,-
Reality-TV,2015,-
Reality-TV,2016,-
Animation,2010,7.7
 Comedy,2010,7.7
 Sport,2010,7.7
Drama,2008,7.6
 Romance,2008,7.6
Talk-Show,2009,7.7
Talk-Show,2010,7.7
Talk-Show,2011,7.7
Talk-Show,2012,7.7
Talk-Show,2013,7.7
Drama,2011,-
-,2012,7.9
Drama,2007,7.4
Drama,2018,-
Animation,2003,7.4
Comedy,2014,6.2
Comedy,2015,6.2
 Drama,2014,6.2
 Drama,2015,6.2
 Romance,2014,6.2
 Romance,2015,6.2
Comedy,2016,7.2
 Romance,2016,7.2
 Sport,2016,7.2
Drama,2017,6.5
 Family,2017,6.5
Comedy,2013,7.8
Comedy,2014,7.8
 Romance,2013,7.8
 Romance,2014,7.8
Comedy,2010,7.1
Comedy,2011,7.1
Drama,2009,-
Drama,2010,-
-,2018,-
Comedy,2006,7.4
 Drama,2006,7.4
Romance,2012,8.0
Animation,2009,7.2
Action,2018,-
Drama,2007,6.5
Animation,2006,-
 Comedy,2006,-
Comedy,1999,8.7
Drama,2002,-
 Romance,2002,-
Comedy,2012,6.7
 Romance,2012,6.7
Comedy,2008,7.3
 Drama,2008,7.3
Romance,2011,7.9
Romance,2012,7.9
Drama,2016,5.7
Animation,2012,7.6
Drama,2015,-
Drama,2007,-
 Romance,2007,-
Comedy,2013,5.9
 Drama,2013,5.9
 Romance,2013,5.9
Drama,2017,5.4
Reality-TV,2016,-
Action,2008,7.4
 Adventure,2008,7.4
 Comedy,2008,7.4
Drama,2015,7.3
Comedy,2003,7.8
 Romance,2003,7.8
Romance,2011,6.2
Family,1982,-
Family,1983,-
Family,1984,-
Romance,2012,5.7
Action,2005,8.2
 Drama,2005,8.2
 Fantasy,2005,8.2
Romance,1992,-
Romance,1993,-
Romance,1994,-
Reality-TV,2013,-
Reality-TV,2014,-
Comedy,1996,-
Comedy,1997,-
Comedy,1998,-
Comedy,1999,-
 Drama,1996,-
 Drama,1997,-
 Drama,1998,-
 Drama,1999,-
 Romance,1996,-
 Romance,1997,-
 Romance,1998,-
 Romance,1999,-
Thriller,2007,7.1
Drama,2011,7.4
 Romance,2011,7.4
Drama,2016,7.1
Drama,2017,7.1
 Romance,2016,7.1
 Romance,2017,7.1
Comedy,2017,5.7
Drama,2014,-
Reality-TV,2019,-
Drama,2017,-
Drama,2003,7.1
Drama,2000,7.4
Romance,2013,6.4
Drama,2010,7.0
 Romance,2010,7.0
 Sport,2010,7.0
Comedy,2015,6.4
 Drama,2015,6.4
Comedy,2014,7.4
 Crime,2014,7.4
 Drama,2014,7.4
Romance,2015,6.4
Drama,2008,8.0
Drama,2009,8.0
 Romance,2008,8.0
 Romance,2009,8.0
Drama,2013,-
Drama,2006,6.9
 Romance,2006,6.9
 Sport,2006,6.9
Action,2003,-
 Drama,2003,-
 Romance,2003,-
Comedy,1994,7.2
 Crime,1994,7.2
 Drama,1994,7.2
Animation,2019,-
Drama,2012,7.5
 Romance,2012,7.5
Romance,2009,6.1
Comedy,2005,7.3
 Drama,2005,7.3
 Romance,2005,7.3
Drama,2000,-
Reality-TV,2021,-
Comedy,2007,8.1
 Drama,2007,8.1
 Romance,2007,8.1
Animation,2014,8.1
 Comedy,2014,8.1
 Drama,2014,8.1
Drama,2015,-
Drama,2016,-
 Romance,2015,-
 Romance,2016,-
Music,2016,-
Music,2017,-
Drama,2006,-
Reality-TV,2009,8.5
Game-Show,2012,6.4
Game-Show,2013,6.4
Game-Show,2014,6.4
Game-Show,2015,6.4
Family,1983,-
Family,1984,-
Family,1985,-
Family,1986,-
Drama,2006,7.6
 Romance,2006,7.6
Short,2018,-
 Sport,2018,-
Reality-TV,2020,-
Drama,2018,6.4
Game-Show,2015,-
Game-Show,2016,-
Game-Show,2017,-
Game-Show,2018,-
Game-Show,2019,-
Game-Show,2020,-
 Reality-TV,2015,-
 Reality-TV,2016,-
 Reality-TV,2017,-
 Reality-TV,2018,-
 Reality-TV,2019,-
 Reality-TV,2020,-
Reality-TV,2011,8.4
Drama,2011,7.5
Drama,2012,7.5
Comedy,2004,6.2
 Romance,2004,6.2
Romance,2016,4.6
Drama,2008,-
Drama,2017,7.8
 Romance,2017,7.8
Drama,2016,-
Action,2015,6.4
 Comedy,2015,6.4
Drama,2017,6.0
Drama,2018,6.0
Drama,2018,6.1
Drama,2015,7.9
 Romance,2015,7.9
Comedy,2015,6.5
 Drama,2015,6.5
 Romance,2015,6.5
Comedy,2014,6.1
 Romance,2014,6.1
Drama,2000,-
-,2019,-
Drama,2014,8.5
Drama,2012,-
Drama,2013,-
 Romance,2012,-
 Romance,2013,-
Drama,2016,-
Animation,2008,-
-,2016,-
Romance,1997,6.1
Drama,2015,7.4
Drama,2016,7.0
Documentary,2019,-
Animation,2018,-
 Adventure,2018,-
 Comedy,2018,-
Reality-TV,2017,8.3
Drama,2006,6.8
 Music,2006,6.8
 Romance,2006,6.8
Drama,2004,6.1
-,2013,6.8
Animation,1998,6.8
Drama,2014,-
 Romance,2014,-
Game-Show,2019,-
Game-Show,2020,-
Game-Show,2021,-
Music,2015,7.8
Drama,2015,7.0
 Romance,2015,7.0
Drama,2009,6.7
Drama,2002,7.2
Reality-TV,2015,7.1
Drama,2014,7.3
Drama,2015,7.3
Drama,2007,7.6
 Romance,2007,7.6
-,2010,7.7
Romance,2006,7.2
Drama,2015,-
 Romance,2015,-
-,2012,-
Drama,2005,8.3
Drama,2005,-
Comedy,2014,8.3
 Drama,2014,8.3
Drama,2014,6.7
 Romance,2014,6.7
Comedy,1995,-
Comedy,1996,-
 Drama,1995,-
 Drama,1996,-
Drama,1999,6.2
 Romance,1999,6.2
Drama,2014,-
Action,2012,6.0
 Fantasy,2012,6.0
Romance,2012,5.7
Animation,1990,-
Animation,1991,-
Animation,1992,-
Animation,1993,-
Animation,1994,-
Animation,1995,-
Animation,1996,-
Animation,1997,-
Animation,1998,-
Animation,1999,-
Animation,2000,-
Animation,2001,-
Animation,2002,-
Drama,2009,-
 Romance,2009,-
Drama,2010,-
Drama,2011,-
Drama,2012,6.8
 Romance,2012,6.8
Reality-TV,2015,5.3
Drama,2011,-
Drama,2012,-
Drama,2013,-
Drama,2014,-
 Romance,2013,-
 Romance,2014,-
Drama,2019,-
Reality-TV,2018,8.0
Reality-TV,2020,9.2
Comedy,2006,7.1
 Romance,2006,7.1
Comedy,2009,-
 Drama,2009,-
Comedy,2013,-
Comedy,2014,-
 Drama,2013,-
 Drama,2014,-
Drama,2016,-
 Romance,2016,-
Drama,2010,-
Drama,2014,7.6
Drama,2015,7.6
 Romance,2014,7.6
 Romance,2015,7.6
Talk-Show,2004,-
Talk-Show,2005,-
Talk-Show,2006,-
Talk-Show,2007,-
Romance,2007,-
Drama,2010,6.6
Drama,2005,8.2
Comedy,2019,7.5
 Drama,2019,7.5
Action,2009,7.8
 Drama,2009,7.8
 Romance,2009,7.8
Drama,1999,6.8
Drama,2006,7.1
Reality-TV,2016,8.0
Comedy,2012,-
 Romance,2012,-
Animation,2016,-
Animation,2017,-
Animation,2018,-
Comedy,2011,7.6
 Romance,2011,7.6
Drama,2012,-
Drama,2013,-
Drama,2010,6.9
Comedy,2006,8.4
 Reality-TV,2006,8.4
Drama,2003,6.7
Drama,2005,-
Drama,2006,-
 Romance,2005,-
 Romance,2006,-
Action,2016,-
 Adventure,2016,-
 Crime,2016,-
Animation,2017,-
 Family,2017,-
 Music,2017,-
Drama,2017,-
Drama,2018,-
Comedy,2005,8.0
 Drama,2005,8.0
 Romance,2005,8.0
Animation,2012,-
Animation,2013,-
Animation,2014,-
Animation,2015,-
Animation,2016,-
Animation,2017,-
Animation,2018,-
Animation,2019,-
 Action,2012,-
 Action,2013,-
 Action,2014,-
 Action,2015,-
 Action,2016,-
 Action,2017,-
 Action,2018,-
 Action,2019,-
 Adventure,2012,-
 Adventure,2013,-
 Adventure,2014,-
 Adventure,2015,-
 Adventure,2016,-
 Adventure,2017,-
 Adventure,2018,-
 Adventure,2019,-
Drama,2015,-
 Romance,2015,-
Drama,2006,5.8
Action,1992,-
 Family,1992,-
 Fantasy,1992,-
Drama,2014,-
Drama,2015,-
Drama,2014,-
Animation,2010,4.8
Comedy,2009,-
 Drama,2009,-
 Music,2009,-
Reality-TV,2017,-
Reality-TV,2018,-
Romance,1997,6.7
Talk-Show,2016,-
Talk-Show,2017,-
Talk-Show,2018,-
Talk-Show,2019,-
Comedy,2016,7.0
 Drama,2016,7.0
 Romance,2016,7.0
Comedy,2015,6.5
 Fantasy,2015,6.5
 Romance,2015,6.5
Romance,2015,7.8
Drama,2012,3.1
Animation,2006,7.1
 Action,2006,7.1
 Adventure,2006,7.1
Drama,2004,-
 Romance,2004,-
Comedy,2009,5.8
 Romance,2009,5.8
Drama,2005,-
-,2014,-
Drama,2017,-
Drama,1998,4.1
-,2012,7.3
Drama,2008,-
Romance,2015,6.9
Romance,2016,6.9
Drama,2010,-
Drama,2011,-
 Romance,2010,-
 Romance,2011,-
Romance,2012,-
Comedy,2014,-
Reality-TV,2013,6.3
Reality-TV,2014,6.3
Reality-TV,2015,6.3
Romance,2007,6.6
Drama,2007,-
Animation,1997,6.9
Animation,1998,6.9
 Action,1997,6.9
 Action,1998,6.9
 Adventure,1997,6.9
 Adventure,1998,6.9
Drama,1987,-
 Romance,1987,-
 War,1987,-
-,2014,-
Romance,2013,-
Romance,2004,-
Romance,2002,-
Drama,2009,-
Romance,2000,7.3
Drama,2009,7.9
Drama,2014,-
 Romance,2014,-
Animation,2009,-
Animation,2010,-
 Family,2009,-
 Family,2010,-
Comedy,2014,-
 Game-Show,2014,-
Comedy,1999,-
Comedy,2000,-
 Drama,1999,-
 Drama,2000,-
Drama,2015,8.2
Drama,2007,-
Romance,2007,-
Animation,2018,-
-,1998,-
-,2015,-
Comedy,2007,-
 Romance,2007,-
Game-Show,2001,-
Game-Show,2002,-
Game-Show,2003,-
Game-Show,2004,-
Game-Show,2005,-
Game-Show,2006,-
 Sport,2001,-
 Sport,2002,-
 Sport,2003,-
 Sport,2004,-
 Sport,2005,-
 Sport,2006,-
Drama,2012,-
 Family,2012,-
 Romance,2012,-
Animation,2003,-
 Action,2003,-
 Adventure,2003,-
Drama,1998,-
Reality-TV,2009,-
Reality-TV,2010,-
Reality-TV,2011,-
Comedy,2006,6.8
 Crime,2006,6.8
 Horror,2006,6.8
Adventure,2005,-
 Fantasy,2005,-
Romance,2000,-
Reality-TV,2013,7.3
Reality-TV,2014,7.3
Drama,2009,-
Game-Show,2004,-
Game-Show,2005,-
Game-Show,2006,-
Game-Show,2007,-
Drama,2009,-
Drama,2006,7.2
Talk-Show,2007,-
Talk-Show,2008,-
Talk-Show,2009,-
Talk-Show,2010,-
Talk-Show,2011,-
Talk-Show,2012,-
Talk-Show,2013,-
Talk-Show,2014,-
Talk-Show,2015,-
Talk-Show,2016,-
Talk-Show,2017,-
Talk-Show,2015,-
Talk-Show,2016,-
Talk-Show,2017,-
Talk-Show,2018,-
Talk-Show,2019,-
Talk-Show,2020,-
Talk-Show,2021,-
Comedy,2010,-
Animation,2008,-
Drama,2018,-
Reality-TV,2009,8.0
Thriller,2015,-
Reality-TV,2013,6.5
Drama,2015,-
Drama,2016,-
Comedy,2016,7.6
Reality-TV,2017,7.8
Drama,2008,-
Drama,2009,-
Animation,1998,-
Animation,1999,-
Reality-TV,2008,-
Reality-TV,2009,-
Reality-TV,2010,-
 Comedy,2008,-
 Comedy,2009,-
 Comedy,2010,-
Reality-TV,2016,9.0
Animation,2000,6.0
Animation,2001,6.0
Animation,2002,6.0
 Sport,2000,6.0
 Sport,2001,6.0
 Sport,2002,6.0
-,2010,-
Drama,2008,-
Drama,2009,-
 Romance,2008,-
 Romance,2009,-
Reality-TV,2014,-
Animation,1990,7.0
 Adventure,1990,7.0
Reality-TV,2017,8.0
-,2013,7.3
Comedy,2004,-
 Drama,2004,-
 Romance,2004,-
Animation,1986,7.8
Animation,1987,7.8
Animation,1988,7.8
Animation,1989,7.8
 Adventure,1986,7.8
 Adventure,1987,7.8
 Adventure,1988,7.8
 Adventure,1989,7.8
 Comedy,1986,7.8
 Comedy,1987,7.8
 Comedy,1988,7.8
 Comedy,1989,7.8
Drama,2012,6.7
-,2014,-
Animation,2005,5.0
Documentary,2018,7.9
 History,2018,7.9
Family,2015,-
Romance,2008,6.7
Drama,2016,6.0
 Family,2016,6.0
 Romance,2016,6.0
Animation,2003,-
 Adventure,2003,-
 Fantasy,2003,-
Romance,2007,-
Romance,2008,-
Animation,2003,-
Animation,2004,-
Drama,2011,7.2
Drama,2012,7.2
 Musical,2011,7.2
 Musical,2012,7.2
 Romance,2011,7.2
 Romance,2012,7.2
Family,2003,-
Family,2004,-
Romance,2011,-
Drama,2012,7.6
 Romance,2012,7.6
Crime,1998,-
 Drama,1998,-
 Mystery,1998,-
Drama,2005,-
 Romance,2005,-
Drama,2004,7.6
Drama,2005,7.6
 Romance,2004,7.6
 Romance,2005,7.6
Comedy,2014,6.7
 Family,2014,6.7
 Romance,2014,6.7
Reality-TV,2018,-
Comedy,2010,-
 Drama,2010,-
 Music,2010,-
Drama,2017,7.7
Drama,2018,7.7
History,2005,-
-,2016,-
Reality-TV,2019,-
Reality-TV,2020,-
Talk-Show,2013,6.0
Reality-TV,2005,-
Talk-Show,2019,-
Animation,2006,5.0
Talk-Show,2013,-
Reality-TV,2018,-
-,2016,-
Family,2011,-
Animation,1996,-
 Fantasy,1996,-
Music,2021,-
-,2016,-
Reality-TV,2015,7.8
Drama,2012,7.4
-,2015,-
Comedy,2021,-
Reality-TV,2017,-
Romance,2003,-
Romance,2004,-
-,2010,-
-,2011,-
-,2012,-
-,2013,-
Comedy,2018,-
Comedy,2019,-
 Reality-TV,2018,-
 Reality-TV,2019,-
Drama,2006,-
-,2016,-
Drama,2015,6.7
 Romance,2015,6.7
-,2021,-
-,2016,-
Comedy,2008,-
Reality-TV,2017,8.2
Drama,2017,-
Drama,2017,-
Drama,2018,-
-,2016,-
Drama,2007,-
Drama,2008,-
Reality-TV,2020,-
Romance,2007,-
Romance,2008,-
 Thriller,2007,-
 Thriller,2008,-
Drama,2019,-
Comedy,2018,-
 Drama,2018,-
-,2015,-
Reality-TV,2007,8.1
Animation,2018,-
Romance,2015,-
Talk-Show,2013,-
Drama,2006,6.7
 Romance,2006,6.7
Animation,2015,-
Animation,1988,-
 Sport,1988,-
Reality-TV,2015,7.2
Reality-TV,2017,7.8
Documentary,2017,-
Drama,2017,-
Drama,2013,-
-,2014,-
Reality-TV,2011,8.1
Drama,2011,-
 Romance,2011,-
-,2013,-
Drama,2008,-
Drama,2009,-
Animation,2003,-
Drama,2014,5.7
-,2013,-
-,2014,-
-,2015,-
Romance,2008,-
-,2017,-
Reality-TV,2017,-
Music,2010,-
Romance,2013,-
Romance,2014,-
Reality-TV,2014,-
-,2013,-
Reality-TV,2011,-
Comedy,2005,7.7
 Drama,2005,7.7
 Romance,2005,7.7
Drama,2004,-
Drama,2005,-
 Romance,2004,-
 Romance,2005,-
Fantasy,2008,-
 Mystery,2008,-
Animation,2012,-
Animation,2013,-
 Adventure,2012,-
 Adventure,2013,-
 Comedy,2012,-
 Comedy,2013,-
Romance,2011,-
Romance,2012,-
Drama,2016,-
Drama,2015,-
Drama,1993,7.3
Romance,2007,-
Drama,2016,-
Drama,2017,-
 Romance,2016,-
 Romance,2017,-
Comedy,2015,-
Reality-TV,2010,6.9
Comedy,2020,-
 Game-Show,2020,-
 Reality-TV,2020,-
Animation,2002,-
 Action,2002,-
Musical,2017,-
Comedy,2012,-
Drama,2008,-
Reality-TV,2006,-
Reality-TV,2007,-
Reality-TV,2008,-
Family,2010,7.6
Animation,1997,-
Animation,1998,-
-,2017,-
Family,2010,-
Comedy,2010,-
 Game-Show,2010,-
 Reality-TV,2010,-
News,2012,-
Drama,2005,-
-,2012,-
Reality-TV,2018,-
-,2015,6.3
-,2016,6.3
Family,2011,-
Family,2013,-
Family,2014,-
Drama,2007,-
 Romance,2007,-
Music,2015,-
Talk-Show,2019,-
Sci-Fi,2016,-
Reality-TV,2017,-
Drama,2019,-
-,2020,-
Game-Show,2018,-
 Music,2018,-
Animation,2020,-
Music,2011,-
-,2001,7.2
Reality-TV,2013,7.3
Drama,2005,-
 Romance,2005,-
Family,2014,-
Animation,2009,-
-,2015,-
Animation,2021,-
Romance,2004,-
Animation,2001,6.2
Reality-TV,2009,-
Animation,2011,6.0
 Family,2011,6.0
Music,2004,-
Reality-TV,2014,6.7
-,2016,-
Talk-Show,2004,-
Talk-Show,2005,-
Talk-Show,2006,-
Talk-Show,2007,-
Talk-Show,2008,-
Talk-Show,2009,-
Talk-Show,2010,-
Talk-Show,2011,-
Talk-Show,2012,-
Drama,2013,-
Reality-TV,2014,8.4
-,2016,-
Crime,1999,5.2
 Drama,1999,5.2
 Horror,1999,5.2
Drama,2009,-
Documentary,2020,-
Animation,2009,-
Animation,2010,-
Drama,2018,-
Romance,2006,-
-,2013,-
Comedy,2003,-
Comedy,2004,-
Comedy,2005,-
Comedy,2006,-
Comedy,2007,-
Comedy,2008,-
Comedy,2009,-
Comedy,2010,-
Comedy,2011,-
Comedy,2012,-
Comedy,2013,-
Comedy,2014,-
Comedy,2015,-
Comedy,2016,-
Comedy,2017,-
 Talk-Show,2003,-
 Talk-Show,2004,-
 Talk-Show,2005,-
 Talk-Show,2006,-
 Talk-Show,2007,-
 Talk-Show,2008,-
 Talk-Show,2009,-
 Talk-Show,2010,-
 Talk-Show,2011,-
 Talk-Show,2012,-
 Talk-Show,2013,-
 Talk-Show,2014,-
 Talk-Show,2015,-
 Talk-Show,2016,-
 Talk-Show,2017,-
Animation,2013,-
Drama,2003,-
Drama,2016,-
Drama,2017,-
Drama,2015,-
Game-Show,2004,-
Game-Show,2005,-
Game-Show,2006,-
Game-Show,2007,-
Game-Show,2008,-
Game-Show,2009,-
Game-Show,2010,-
Reality-TV,2009,-
-,2016,-
Talk-Show,2006,-
Talk-Show,2007,-
Talk-Show,2008,-
Talk-Show,2009,-
Talk-Show,2010,-
Comedy,2010,-
 Drama,2010,-
 Reality-TV,2010,-
-,2016,-
-,2012,-
-,2014,-
Drama,2009,-
 Family,2009,-
 Romance,2009,-
Animation,2017,-
Game-Show,2021,-
Reality-TV,2009,8.4
-,2015,-
Reality-TV,2020,-
-,2016,-
-,2017,-
-,2018,-
-,2016,-
-,1997,-
Comedy,2008,-
 Drama,2008,-
 Family,2008,-
Comedy,2015,-
 Fantasy,2015,-
 Romance,2015,-
Family,2014,-
Drama,2016,-
Comedy,2012,6.2
 Romance,2012,6.2
Documentary,2020,-
Drama,2002,-
Drama,2003,-
Game-Show,2011,-
 Music,2011,-
 Reality-TV,2011,-
-,2002,-
Romance,2009,-
 Sci-Fi,2009,-
Drama,2016,-
Drama,2017,-
 Romance,2016,-
 Romance,2017,-
Animation,2014,-
Comedy,2004,-
-,2016,-
Comedy,2013,-
 Romance,2013,-
Drama,1995,-
Drama,1996,-
Drama,2011,-
 Romance,2011,-
Animation,2011,-
Animation,2012,-
Animation,2013,-
Talk-Show,2017,-
Drama,2017,-
Talk-Show,2013,-
-,2016,-
Animation,2011,-
Animation,2012,-
Talk-Show,2013,-
Drama,1996,6.0
 Action,1996,6.0
Animation,2014,-
Drama,2014,-
Drama,2015,-
Family,2006,-
Family,2007,-
Family,2008,-
Drama,2009,7.3
Drama,2010,7.3
Crime,2012,-
 Drama,2012,-
-,2016,-
Adventure,1993,7.9
 Action,1993,7.9
 Drama,1993,7.9
Reality-TV,2008,7.3
Drama,2015,7.0
-,2017,-
-,2015,-
-,2014,-
Adventure,2020,-
 Reality-TV,2020,-
-,2016,-
Animation,2008,-
Action,1997,-
 Drama,1997,-
Comedy,2010,7.8
Comedy,2011,7.8
-,2010,-
Drama,2013,-
-,2015,-
-,1994,7.7
Reality-TV,2013,7.4
Romance,2007,-
Romance,2008,-
Drama,2011,-
Drama,2012,-
 Romance,2011,-
 Romance,2012,-
-,2016,-
Drama,2004,7.3
Reality-TV,2016,-
Family,2010,-
Documentary,2003,-
Reality-TV,2016,-
Comedy,2018,-
Action,1993,-
-,2011,-
-,2016,-
Drama,2001,-
 Romance,2001,-
Talk-Show,2018,-
-,2016,-
-,2016,-
Western,2015,-
Action,2008,-
Drama,2010,-
Drama,2011,-
 Romance,2010,-
 Romance,2011,-
-,2016,-
Romance,2010,-
Drama,2017,-
Drama,2018,-
Drama,2006,6.3
Documentary,2019,-
Reality-TV,2016,-
Drama,2019,-
Drama,2011,-
-,2016,-
Music,2012,-
Comedy,2019,-
-,2016,-
Reality-TV,2018,-
Drama,2016,-
Reality-TV,2016,-
Talk-Show,2003,-
Talk-Show,2004,-
Talk-Show,2005,-
Talk-Show,2006,-
Talk-Show,2007,-
Talk-Show,2008,-
-,2016,-
Drama,2014,-
 History,2014,-
Comedy,2015,-
 Fantasy,2015,-
 Music,2015,-
Animation,2015,-
Family,2011,-
Reality-TV,2011,-
Comedy,2003,-
Comedy,2004,-
 Drama,2003,-
 Drama,2004,-
 Family,2003,-
 Family,2004,-
Comedy,2015,-
Comedy,2015,5.0
 Romance,2015,5.0
Action,1993,-
 Drama,1993,-
 Romance,1993,-
Animation,2012,-
Reality-TV,2007,-
News,2016,-
Comedy,2007,-
 Drama,2007,-
Drama,2016,-
Reality-TV,2008,-
Reality-TV,2016,-
-,2016,-
Sport,2014,-
Family,2008,-
-,2015,-
Drama,2004,-
 Romance,2004,-
Talk-Show,2019,-
Drama,2006,-
-,2016,-
-,2001,-
Reality-TV,2016,-
Talk-Show,2021,-
Drama,2009,-
Drama,2010,-
 Romance,2009,-
 Romance,2010,-
-,2016,-
Comedy,2018,-
Drama,2015,-
Reality-TV,2020,-
Reality-TV,2010,-
Romance,2018,-
Romance,2019,-
Music,2012,-
Drama,2016,-
Drama,2010,-
Animation,2002,-
News,1990,-
-,2012,-
Documentary,2019,-
-,2000,-
Game-Show,2011,-
Sport,2016,-
Family,2016,-
-,2016,-
Drama,2007,-
Drama,2008,-
-,2013,-
Comedy,2003,-
-,2016,-
Reality-TV,2012,-
Reality-TV,2013,-
Drama,2012,-
Drama,2002,-
Fantasy,2021,7.4
 Romance,2021,7.4
Comedy,2021,7.1
 Romance,2021,7.1
Romance,2021,-
Drama,2021,-
 Romance,2021,-
